timestamp,temperature_c,rainfall_mm,cloud_cover_percent,solar_radiation_wm2,wind_speed_kmh
2025-06-01T00:00,25.8,0.4,98,0.0,10.6
2025-06-01T01:00,25.9,0.2,94,0.0,9.4
2025-06-01T02:00,25.5,0.1,81,0.0,7.4
2025-06-01T03:00,25.2,0.1,100,0.0,8.1
2025-06-01T04:00,24.7,0.1,100,0.0,7.0
2025-06-01T05:00,24.8,0.1,99,0.0,6.9
2025-06-01T06:00,25.1,0.0,100,7.0,8.6
2025-06-01T07:00,25.9,0.1,90,105.0,6.2
2025-06-01T08:00,26.8,0.0,77,296.0,5.1
2025-06-01T09:00,28.2,0.0,49,518.0,8.9
2025-06-01T10:00,29.0,0.0,49,610.0,12.9
2025-06-01T11:00,29.6,0.0,53,807.0,13.6
2025-06-01T12:00,29.9,0.1,100,891.0,16.0
2025-06-01T13:00,30.0,0.1,18,857.0,16.5
2025-06-01T14:00,29.8,0.0,5,808.0,13.9
2025-06-01T15:00,29.5,0.3,34,673.0,16.0
2025-06-01T16:00,29.2,0.1,25,448.0,17.3
2025-06-01T17:00,29.0,0.0,37,250.0,15.2
2025-06-01T18:00,29.0,0.0,15,76.0,13.2
2025-06-01T19:00,28.0,0.0,24,1.0,14.1
2025-06-01T20:00,27.8,0.0,37,0.0,8.4
2025-06-01T21:00,27.2,0.1,46,0.0,9.4
2025-06-01T22:00,25.9,1.0,100,0.0,7.4
2025-06-01T23:00,24.8,0.9,58,0.0,12.0
2025-06-02T00:00,24.9,0.1,56,0.0,6.3
2025-06-02T01:00,24.7,0.0,100,0.0,5.4
2025-06-02T02:00,24.2,0.0,86,0.0,10.1
2025-06-02T03:00,24.0,0.2,100,0.0,5.6
2025-06-02T04:00,24.3,0.0,91,0.0,5.0
2025-06-02T05:00,24.3,0.0,95,0.0,3.2
2025-06-02T06:00,25.8,0.0,100,7.0,2.0
2025-06-02T07:00,26.7,0.0,100,113.0,2.7
2025-06-02T08:00,27.6,0.1,100,298.0,2.4
2025-06-02T09:00,28.8,0.0,100,504.0,1.6
2025-06-02T10:00,29.5,0.1,100,633.0,4.6
2025-06-02T11:00,29.9,0.0,100,756.0,8.7
2025-06-02T12:00,29.7,0.0,100,806.0,10.4
2025-06-02T13:00,29.5,0.3,100,814.0,11.8
2025-06-02T14:00,29.6,0.1,100,741.0,13.3
2025-06-02T15:00,27.6,0.3,100,478.0,15.1
2025-06-02T16:00,27.9,0.2,100,351.0,11.7
2025-06-02T17:00,26.6,1.3,94,147.0,6.0
2025-06-02T18:00,28.2,0.0,77,79.0,3.7
2025-06-02T19:00,27.5,0.0,67,1.0,3.1
2025-06-02T20:00,27.3,0.2,73,0.0,9.3
2025-06-02T21:00,27.1,0.0,100,0.0,2.1
2025-06-02T22:00,26.5,0.0,100,0.0,1.5
2025-06-02T23:00,25.3,1.7,93,0.0,7.7
2025-06-03T00:00,25.6,0.1,100,0.0,3.7
2025-06-03T01:00,25.5,1.0,100,0.0,2.0
2025-06-03T02:00,25.2,0.1,100,0.0,7.5
2025-06-03T03:00,24.7,1.4,99,0.0,4.8
2025-06-03T04:00,24.7,0.4,71,0.0,5.9
2025-06-03T05:00,24.2,0.0,97,0.0,8.8
2025-06-03T06:00,25.3,0.2,27,6.0,6.3
2025-06-03T07:00,26.0,0.7,90,126.0,3.6
2025-06-03T08:00,26.4,0.5,87,224.0,5.8
2025-06-03T09:00,27.4,0.1,97,478.0,4.0
2025-06-03T10:00,28.5,0.0,78,581.0,3.4
2025-06-03T11:00,29.4,0.0,45,830.0,5.4
2025-06-03T12:00,28.6,0.1,71,823.0,10.3
2025-06-03T13:00,28.7,0.1,39,707.0,10.7
2025-06-03T14:00,28.8,0.0,50,699.0,10.8
2025-06-03T15:00,29.2,0.1,50,572.0,10.3
2025-06-03T16:00,28.4,0.1,65,407.0,10.2
2025-06-03T17:00,26.7,2.3,97,220.0,11.8
2025-06-03T18:00,27.2,0.1,100,71.0,9.6
2025-06-03T19:00,26.8,0.0,100,1.0,4.1
2025-06-03T20:00,26.0,1.1,100,0.0,11.0
2025-06-03T21:00,25.4,1.0,95,0.0,6.8
2025-06-03T22:00,25.1,0.0,87,0.0,2.8
2025-06-03T23:00,25.1,0.2,100,0.0,6.3
2025-06-04T00:00,24.9,0.1,99,0.0,8.6
2025-06-04T01:00,24.1,0.3,100,0.0,3.0
2025-06-04T02:00,23.8,4.4,100,0.0,2.1
2025-06-04T03:00,24.1,1.4,100,0.0,2.2
2025-06-04T04:00,24.2,2.4,100,0.0,5.5
2025-06-04T05:00,24.1,2.3,100,0.0,5.9
2025-06-04T06:00,24.8,2.5,100,4.0,5.3
2025-06-04T07:00,25.2,1.1,100,46.0,5.8
2025-06-04T08:00,25.5,1.0,100,178.0,6.0
2025-06-04T09:00,25.8,0.4,98,157.0,0.2
2025-06-04T10:00,26.8,0.5,95,397.0,4.0
2025-06-04T11:00,28.2,0.0,99,729.0,6.0
2025-06-04T12:00,28.4,0.1,96,721.0,8.3
2025-06-04T13:00,28.7,0.1,92,826.0,9.6
2025-06-04T14:00,28.3,0.1,99,650.0,11.0
2025-06-04T15:00,27.9,0.2,100,460.0,10.7
2025-06-04T16:00,27.6,0.1,100,381.0,9.8
2025-06-04T17:00,27.3,0.0,100,215.0,8.8
2025-06-04T18:00,27.9,0.0,100,71.0,10.3
2025-06-04T19:00,27.3,0.1,100,1.0,10.4
2025-06-04T20:00,26.8,0.0,97,0.0,6.6
2025-06-04T21:00,26.2,0.0,100,0.0,3.7
2025-06-04T22:00,26.0,0.0,99,0.0,4.1
2025-06-04T23:00,25.7,0.0,98,0.0,5.2
2025-06-05T00:00,25.4,0.0,97,0.0,4.5
2025-06-05T01:00,25.3,0.1,89,0.0,0.4
2025-06-05T02:00,25.5,0.2,84,0.0,3.1
2025-06-05T03:00,25.2,0.0,51,0.0,0.7
2025-06-05T04:00,25.1,0.1,83,0.0,1.3
2025-06-05T05:00,25.3,0.3,75,0.0,2.1
2025-06-05T06:00,25.4,0.0,94,7.0,4.1
2025-06-05T07:00,26.6,0.1,38,111.0,5.3
2025-06-05T08:00,27.9,0.2,11,315.0,7.6
2025-06-05T09:00,28.9,0.0,11,534.0,7.1
2025-06-05T10:00,29.7,0.1,15,702.0,10.1
2025-06-05T11:00,30.1,0.0,12,831.0,11.4
2025-06-05T12:00,30.0,0.0,94,890.0,13.6
2025-06-05T13:00,30.0,0.0,100,861.0,13.9
2025-06-05T14:00,30.0,0.0,84,805.0,13.6
2025-06-05T15:00,29.9,0.0,77,688.0,14.5
2025-06-05T16:00,29.4,0.0,21,493.0,14.7
2025-06-05T17:00,29.0,0.0,19,278.0,13.3
2025-06-05T18:00,28.7,0.0,17,88.0,9.1
2025-06-05T19:00,28.0,0.0,79,1.0,6.8
2025-06-05T20:00,27.8,0.0,70,0.0,5.3
2025-06-05T21:00,27.6,0.0,63,0.0,5.9
2025-06-05T22:00,27.6,0.0,13,0.0,7.4
2025-06-05T23:00,27.5,0.0,23,0.0,7.6
2025-06-06T00:00,27.4,0.0,42,0.0,6.4
2025-06-06T01:00,25.8,0.1,96,0.0,12.7
2025-06-06T02:00,24.8,0.3,73,0.0,5.3
2025-06-06T03:00,24.7,0.0,84,0.0,7.4
2025-06-06T04:00,24.5,0.0,100,0.0,6.3
2025-06-06T05:00,24.6,0.0,32,0.0,5.7
2025-06-06T06:00,25.5,0.0,80,7.0,7.7
2025-06-06T07:00,26.8,0.0,95,127.0,6.2
2025-06-06T08:00,28.2,0.0,4,339.0,5.4
2025-06-06T09:00,29.4,0.3,24,555.0,7.7
2025-06-06T10:00,29.7,0.1,7,678.0,9.8
2025-06-06T11:00,30.0,0.0,8,799.0,10.5
2025-06-06T12:00,30.1,0.0,8,869.0,13.4
2025-06-06T13:00,30.2,0.0,4,875.0,15.4
2025-06-06T14:00,30.0,0.0,9,821.0,16.7
2025-06-06T15:00,29.7,0.0,24,668.0,16.3
2025-06-06T16:00,29.6,0.0,19,488.0,17.5
2025-06-06T17:00,29.2,0.0,9,285.0,15.5
2025-06-06T18:00,28.8,0.0,70,86.0,10.5
2025-06-06T19:00,28.3,0.0,19,1.0,8.1
2025-06-06T20:00,28.2,0.0,9,0.0,8.9
2025-06-06T21:00,28.2,0.0,11,0.0,11.2
2025-06-06T22:00,28.1,0.0,11,0.0,12.2
2025-06-06T23:00,27.4,0.1,28,0.0,9.4
2025-06-07T00:00,25.9,0.5,79,0.0,7.4
2025-06-07T01:00,25.8,0.1,95,0.0,2.0
2025-06-07T02:00,24.9,0.9,100,0.0,7.8
2025-06-07T03:00,25.2,0.2,74,0.0,3.3
2025-06-07T04:00,24.3,0.0,85,0.0,10.1
2025-06-07T05:00,24.0,0.0,100,0.0,6.4
2025-06-07T06:00,25.1,0.0,94,7.0,8.1
2025-06-07T07:00,26.0,0.0,80,121.0,4.8
2025-06-07T08:00,27.2,0.0,100,282.0,1.3
2025-06-07T09:00,28.6,0.0,97,542.0,3.1
2025-06-07T10:00,29.3,0.1,83,720.0,10.0
2025-06-07T11:00,28.6,0.2,100,733.0,15.7
2025-06-07T12:00,29.1,0.0,75,857.0,13.8
2025-06-07T13:00,29.4,0.0,19,900.0,15.6
2025-06-07T14:00,29.4,0.0,58,821.0,16.0
2025-06-07T15:00,29.1,0.7,92,641.0,17.0
2025-06-07T16:00,29.0,0.0,94,473.0,16.3
2025-06-07T17:00,28.7,0.0,100,276.0,15.0
2025-06-07T18:00,28.6,0.0,78,85.0,11.3
2025-06-07T19:00,28.2,0.0,85,1.0,9.6
2025-06-07T20:00,28.0,0.0,26,0.0,9.4
2025-06-07T21:00,27.8,0.0,31,0.0,9.8
2025-06-07T22:00,27.5,0.0,66,0.0,10.4
2025-06-07T23:00,27.2,0.1,77,0.0,11.2
2025-06-08T00:00,26.8,0.1,100,0.0,11.6
2025-06-08T01:00,26.5,0.1,70,0.0,8.9
2025-06-08T02:00,25.7,0.4,47,0.0,6.9
2025-06-08T03:00,25.1,0.4,89,0.0,12.1
2025-06-08T04:00,25.3,0.3,47,0.0,6.8
2025-06-08T05:00,25.1,0.4,24,0.0,6.1
2025-06-08T06:00,24.7,0.0,95,6.0,6.2
2025-06-08T07:00,25.6,0.0,100,108.0,6.5
2025-06-08T08:00,27.0,0.0,99,287.0,4.9
2025-06-08T09:00,28.5,0.0,98,529.0,5.6
2025-06-08T10:00,29.5,0.1,99,716.0,8.8
2025-06-08T11:00,29.6,0.0,100,809.0,11.7
2025-06-08T12:00,29.9,0.0,100,895.0,12.2
2025-06-08T13:00,29.8,0.0,100,862.0,13.5
2025-06-08T14:00,29.7,0.0,100,793.0,14.5
2025-06-08T15:00,29.6,0.0,99,599.0,15.3
2025-06-08T16:00,29.2,0.1,95,448.0,16.1
2025-06-08T17:00,28.9,0.4,59,264.0,15.5
2025-06-08T18:00,28.5,0.1,100,85.0,11.3
2025-06-08T19:00,27.9,0.7,99,1.0,10.6
2025-06-08T20:00,26.7,0.6,100,0.0,8.9
2025-06-08T21:00,26.2,0.9,100,0.0,0.5
2025-06-08T22:00,25.4,0.1,100,0.0,4.6
2025-06-08T23:00,25.4,0.5,100,0.0,1.9
2025-06-09T00:00,25.2,0.7,99,0.0,2.5
2025-06-09T01:00,24.2,1.3,100,0.0,8.8
2025-06-09T02:00,23.8,0.1,100,0.0,7.1
2025-06-09T03:00,23.7,0.1,100,0.0,9.4
2025-06-09T04:00,23.6,0.1,100,0.0,10.8
2025-06-09T05:00,23.5,0.0,87,0.0,7.2
2025-06-09T06:00,24.2,0.2,100,3.0,9.2
2025-06-09T07:00,24.7,0.1,100,101.0,9.6
2025-06-09T08:00,25.9,0.0,100,311.0,8.4
2025-06-09T09:00,26.7,0.0,100,269.0,8.4
2025-06-09T10:00,27.8,0.0,100,347.0,11.5
2025-06-09T11:00,28.8,0.0,100,444.0,14.7
2025-06-09T12:00,29.2,0.1,61,677.0,17.3
2025-06-09T13:00,29.6,0.0,48,840.0,17.6
2025-06-09T14:00,29.5,0.0,69,727.0,17.5
2025-06-09T15:00,29.1,0.1,99,569.0,18.7
2025-06-09T16:00,28.6,0.0,100,291.0,17.9
2025-06-09T17:00,28.4,0.0,100,201.0,15.9
2025-06-09T18:00,28.4,0.0,62,84.0,9.9
2025-06-09T19:00,28.0,0.0,64,1.0,7.8
2025-06-09T20:00,28.1,0.1,71,0.0,10.4
2025-06-09T21:00,28.1,0.0,89,0.0,11.8
2025-06-09T22:00,27.9,0.0,56,0.0,11.3
2025-06-09T23:00,27.8,0.0,47,0.0,9.6
2025-06-10T00:00,27.0,0.0,98,0.0,8.1
2025-06-10T01:00,26.6,0.0,100,0.0,8.7
2025-06-10T02:00,27.0,0.0,100,0.0,8.9
2025-06-10T03:00,26.3,0.1,100,0.0,7.6
2025-06-10T04:00,25.8,0.1,100,0.0,4.9
2025-06-10T05:00,25.5,0.1,100,0.0,3.8
2025-06-10T06:00,26.1,0.4,100,4.0,3.1
2025-06-10T07:00,26.8,0.3,100,69.0,6.0
2025-06-10T08:00,27.5,0.1,99,234.0,6.8
2025-06-10T09:00,28.3,0.2,81,453.0,10.1
2025-06-10T10:00,27.4,4.5,98,606.0,15.9
2025-06-10T11:00,27.4,1.0,99,410.0,8.6
2025-06-10T12:00,28.0,0.1,100,585.0,12.2
2025-06-10T13:00,27.2,0.5,99,476.0,11.0
2025-06-10T14:00,28.0,0.1,100,622.0,11.7
2025-06-10T15:00,27.0,0.1,98,445.0,15.8
2025-06-10T16:00,26.9,0.3,98,345.0,14.7
2025-06-10T17:00,26.5,1.6,99,147.0,9.6
2025-06-10T18:00,26.2,1.5,100,36.0,12.8
2025-06-10T19:00,26.0,1.5,100,1.0,14.8
2025-06-10T20:00,25.6,2.4,100,0.0,16.3
2025-06-10T21:00,25.6,0.4,100,0.0,17.4
2025-06-10T22:00,25.4,1.1,100,0.0,13.1
2025-06-10T23:00,25.2,0.8,100,0.0,4.9
2025-06-11T00:00,24.6,4.3,100,0.0,7.8
2025-06-11T01:00,24.9,8.3,100,0.0,5.2
2025-06-11T02:00,24.9,2.5,100,0.0,8.5
2025-06-11T03:00,24.5,1.4,100,0.0,9.7
2025-06-11T04:00,23.6,1.6,100,0.0,9.1
2025-06-11T05:00,23.2,11.4,100,0.0,8.7
2025-06-11T06:00,25.0,0.4,100,6.0,4.7
2025-06-11T07:00,26.0,0.3,100,56.0,3.5
2025-06-11T08:00,26.0,0.3,100,191.0,6.0
2025-06-11T09:00,26.9,0.1,100,430.0,3.3
2025-06-11T10:00,28.0,0.1,99,602.0,9.3
2025-06-11T11:00,26.6,1.3,99,502.0,11.9
2025-06-11T12:00,27.7,0.1,100,580.0,13.5
2025-06-11T13:00,27.2,0.8,100,592.0,17.7
2025-06-11T14:00,26.9,0.9,100,300.0,13.7
2025-06-11T15:00,26.3,0.6,100,336.0,20.1
2025-06-11T16:00,26.1,0.8,100,219.0,15.5
2025-06-11T17:00,26.4,0.3,100,114.0,11.4
2025-06-11T18:00,25.9,0.9,100,33.0,15.5
2025-06-11T19:00,26.2,1.8,100,1.0,14.2
2025-06-11T20:00,26.3,2.1,100,0.0,8.9
2025-06-11T21:00,26.0,0.4,100,0.0,13.9
2025-06-11T22:00,24.9,2.2,100,0.0,10.5
2025-06-11T23:00,24.9,1.5,100,0.0,7.0
2025-06-12T00:00,25.4,1.4,100,0.0,4.5
2025-06-12T01:00,24.6,2.7,100,0.0,12.8
2025-06-12T02:00,24.9,0.7,100,0.0,10.1
2025-06-12T03:00,24.9,0.7,100,0.0,12.2
2025-06-12T04:00,24.5,1.8,99,0.0,8.9
2025-06-12T05:00,24.7,2.3,100,0.0,5.4
2025-06-12T06:00,25.1,0.7,100,4.0,8.9
2025-06-12T07:00,25.2,0.6,100,54.0,8.2
2025-06-12T08:00,25.3,2.9,100,117.0,11.2
2025-06-12T09:00,26.5,0.5,100,220.0,9.7
2025-06-12T10:00,26.9,0.9,100,394.0,9.4
2025-06-12T11:00,28.0,0.1,100,568.0,8.8
2025-06-12T12:00,28.4,0.1,100,625.0,12.5
2025-06-12T13:00,26.6,0.7,100,230.0,11.5
2025-06-12T14:00,28.1,0.1,100,371.0,13.0
2025-06-12T15:00,26.8,0.4,100,246.0,17.8
2025-06-12T16:00,27.1,0.2,100,204.0,18.9
2025-06-12T17:00,26.1,0.5,100,82.0,16.6
2025-06-12T18:00,26.2,1.2,100,23.0,11.6
2025-06-12T19:00,25.2,1.9,100,1.0,13.2
2025-06-12T20:00,25.5,0.7,100,0.0,2.8
2025-06-12T21:00,25.5,0.3,100,0.0,1.8
2025-06-12T22:00,25.1,0.6,100,0.0,3.3
2025-06-12T23:00,25.0,1.1,100,0.0,1.8
2025-06-13T00:00,25.2,0.7,100,0.0,1.9
2025-06-13T01:00,25.1,1.5,100,0.0,10.1
2025-06-13T02:00,25.1,1.5,100,0.0,14.7
2025-06-13T03:00,25.4,0.6,100,0.0,10.9
2025-06-13T04:00,25.2,0.5,100,0.0,6.1
2025-06-13T05:00,25.3,0.9,100,0.0,7.0
2025-06-13T06:00,25.6,0.1,100,3.0,8.0
2025-06-13T07:00,25.9,1.0,93,58.0,10.4
2025-06-13T08:00,26.7,0.2,92,258.0,7.5
2025-06-13T09:00,26.9,0.7,100,299.0,9.0
2025-06-13T10:00,26.5,2.9,92,375.0,9.2
2025-06-13T11:00,27.5,1.1,96,595.0,19.7
2025-06-13T12:00,26.8,0.9,100,392.0,18.3
2025-06-13T13:00,27.4,0.7,99,369.0,18.3
2025-06-13T14:00,26.7,5.5,100,353.0,18.4
2025-06-13T15:00,26.5,0.4,100,221.0,18.6
2025-06-13T16:00,27.0,0.3,99,161.0,14.8
2025-06-13T17:00,26.6,1.0,100,126.0,20.1
2025-06-13T18:00,26.2,1.0,98,48.0,13.9
2025-06-13T19:00,25.7,0.4,91,1.0,2.1
2025-06-13T20:00,25.2,2.1,100,0.0,10.1
2025-06-13T21:00,25.4,1.9,99,0.0,8.1
2025-06-13T22:00,25.5,1.0,100,0.0,14.8
2025-06-13T23:00,25.1,2.7,100,0.0,15.5
2025-06-14T00:00,25.3,9.1,100,0.0,13.9
2025-06-14T01:00,24.7,5.1,100,0.0,10.4
2025-06-14T02:00,25.1,5.0,100,0.0,12.2
2025-06-14T03:00,25.2,1.3,100,0.0,13.2
2025-06-14T04:00,25.3,2.2,100,0.0,13.6
2025-06-14T05:00,25.3,1.2,100,0.0,17.5
2025-06-14T06:00,25.1,1.2,100,2.0,9.7
2025-06-14T07:00,25.5,2.4,100,58.0,12.1
2025-06-14T08:00,26.0,0.9,100,147.0,16.5
2025-06-14T09:00,26.5,1.4,100,252.0,16.8
2025-06-14T10:00,26.6,1.2,100,221.0,17.8
2025-06-14T11:00,26.0,1.4,100,172.0,14.6
2025-06-14T12:00,26.9,0.8,100,232.0,16.4
2025-06-14T13:00,26.1,5.6,100,148.0,18.9
2025-06-14T14:00,25.5,3.6,100,91.0,16.6
2025-06-14T15:00,25.9,3.1,100,58.0,15.3
2025-06-14T16:00,26.0,3.6,100,67.0,10.7
2025-06-14T17:00,25.2,4.0,100,27.0,12.2
2025-06-14T18:00,25.3,0.3,100,36.0,6.7
2025-06-14T19:00,25.3,0.9,100,1.0,3.6
2025-06-14T20:00,24.9,0.5,100,0.0,0.6
2025-06-14T21:00,25.1,2.3,100,0.0,10.2
2025-06-14T22:00,24.8,1.1,100,0.0,8.1
2025-06-14T23:00,24.7,1.3,100,0.0,1.8
2025-06-15T00:00,24.4,0.6,100,0.0,2.4
2025-06-15T01:00,24.8,1.4,100,0.0,9.3
2025-06-15T02:00,25.1,1.0,98,0.0,1.8
2025-06-15T03:00,24.8,1.2,100,0.0,11.2
2025-06-15T04:00,24.3,3.2,100,0.0,10.8
2025-06-15T05:00,25.1,3.3,100,0.0,14.2
2025-06-15T06:00,25.5,6.3,100,0.0,19.3
2025-06-15T07:00,24.8,7.3,100,7.0,16.3
2025-06-15T08:00,25.4,3.6,100,15.0,15.3
2025-06-15T09:00,25.7,1.3,100,37.0,15.9
2025-06-15T10:00,26.2,0.6,100,85.0,14.6
2025-06-15T11:00,27.8,0.6,100,367.0,13.6
2025-06-15T12:00,26.8,1.7,100,253.0,14.1
2025-06-15T13:00,25.7,2.3,100,217.0,12.5
2025-06-15T14:00,25.7,3.6,100,100.0,18.9
2025-06-15T15:00,25.6,3.1,100,43.0,16.2
2025-06-15T16:00,25.3,3.2,100,78.0,22.4
2025-06-15T17:00,25.8,2.8,100,30.0,15.1
2025-06-15T18:00,25.6,5.2,100,15.0,20.8
2025-06-15T19:00,25.6,4.1,100,0.0,22.6
2025-06-15T20:00,25.3,3.6,100,0.0,23.0
2025-06-15T21:00,25.6,4.7,100,0.0,19.9
2025-06-15T22:00,25.7,3.4,100,0.0,14.7
2025-06-15T23:00,26.2,1.1,100,0.0,17.5
2025-06-16T00:00,25.9,1.0,100,0.0,14.8
2025-06-16T01:00,25.1,1.3,100,0.0,21.7
2025-06-16T02:00,25.6,1.8,100,0.0,15.0
2025-06-16T03:00,25.2,1.4,100,0.0,20.6
2025-06-16T04:00,24.9,1.3,100,0.0,13.5
2025-06-16T05:00,25.1,2.9,100,0.0,16.4
2025-06-16T06:00,25.8,0.1,100,1.0,10.8
2025-06-16T07:00,25.9,1.6,100,19.0,5.7
2025-06-16T08:00,26.8,0.0,100,81.0,12.9
2025-06-16T09:00,25.9,0.4,100,126.0,18.1
2025-06-16T10:00,26.7,3.3,100,204.0,19.1
2025-06-16T11:00,27.6,0.2,100,440.0,19.2
2025-06-16T12:00,26.1,1.8,100,209.0,16.9
2025-06-16T13:00,26.9,0.6,100,233.0,13.9
2025-06-16T14:00,26.0,5.6,100,213.0,9.6
2025-06-16T15:00,25.4,1.4,100,250.0,16.5
2025-06-16T16:00,25.4,0.5,100,105.0,8.9
2025-06-16T17:00,25.7,0.5,100,119.0,12.7
2025-06-16T18:00,25.2,2.4,100,67.0,11.0
2025-06-16T19:00,25.2,1.0,100,1.0,7.7
2025-06-16T20:00,25.2,0.6,99,0.0,4.0
2025-06-16T21:00,24.8,2.3,99,0.0,9.2
2025-06-16T22:00,25.4,1.6,99,0.0,11.4
2025-06-16T23:00,25.3,0.2,100,0.0,6.7
2025-06-17T00:00,25.4,0.1,100,0.0,8.1
2025-06-17T01:00,25.1,0.4,99,0.0,5.0
2025-06-17T02:00,24.4,1.8,100,0.0,11.8
2025-06-17T03:00,24.1,3.4,100,0.0,10.8
2025-06-17T04:00,24.3,1.9,100,0.0,3.2
2025-06-17T05:00,24.1,1.0,100,0.0,3.0
2025-06-17T06:00,24.9,1.0,100,4.0,2.5
2025-06-17T07:00,25.6,0.5,100,68.0,5.0
2025-06-17T08:00,26.4,0.2,100,138.0,1.8
2025-06-17T09:00,27.0,0.2,100,236.0,8.9
2025-06-17T10:00,26.4,1.7,100,400.0,13.0
2025-06-17T11:00,27.9,0.4,99,461.0,10.1
2025-06-17T12:00,26.6,3.3,100,673.0,10.2
2025-06-17T13:00,28.2,0.4,100,753.0,14.9
2025-06-17T14:00,27.6,0.7,100,428.0,12.1
2025-06-17T15:00,26.9,2.4,99,446.0,11.6
2025-06-17T16:00,27.6,0.0,99,335.0,9.1
2025-06-17T17:00,26.5,0.2,100,156.0,17.6
2025-06-17T18:00,26.2,0.1,100,70.0,5.5
2025-06-17T19:00,25.3,0.7,100,1.0,7.4
2025-06-17T20:00,24.4,1.7,96,0.0,13.5
2025-06-17T21:00,24.3,0.6,100,0.0,3.5
2025-06-17T22:00,24.8,0.7,99,0.0,1.9
2025-06-17T23:00,24.8,0.1,96,0.0,5.1
2025-06-18T00:00,24.5,0.1,100,0.0,7.3
2025-06-18T01:00,24.3,0.4,100,0.0,7.9
2025-06-18T02:00,24.4,0.4,100,0.0,7.9
2025-06-18T03:00,24.0,0.1,100,0.0,5.9
2025-06-18T04:00,23.9,0.1,100,0.0,4.7
2025-06-18T05:00,23.9,0.6,100,0.0,3.4
2025-06-18T06:00,24.4,0.0,99,6.0,11.1
2025-06-18T07:00,25.5,0.5,100,98.0,7.1
2025-06-18T08:00,26.4,0.3,100,245.0,6.2
2025-06-18T09:00,27.0,0.2,100,387.0,4.4
2025-06-18T10:00,28.8,0.1,100,620.0,1.9
2025-06-18T11:00,27.5,1.0,100,599.0,5.9
2025-06-18T12:00,28.2,0.0,100,610.0,2.7
2025-06-18T13:00,28.7,0.0,100,713.0,6.7
2025-06-18T14:00,28.5,0.0,100,712.0,7.1
2025-06-18T15:00,28.0,0.0,100,644.0,8.5
2025-06-18T16:00,27.4,0.0,100,343.0,5.8
2025-06-18T17:00,27.3,0.0,100,200.0,5.8
2025-06-18T18:00,25.1,3.3,100,53.0,4.4
2025-06-18T19:00,24.9,1.3,100,1.0,2.5
2025-06-18T20:00,24.7,0.5,100,0.0,3.2
2025-06-18T21:00,24.9,0.2,100,0.0,3.5
2025-06-18T22:00,24.9,0.1,100,0.0,4.0
2025-06-18T23:00,24.8,0.2,100,0.0,3.1
2025-06-19T00:00,24.7,0.1,100,0.0,3.4
2025-06-19T01:00,24.8,0.3,100,0.0,5.2
2025-06-19T02:00,24.6,0.2,100,0.0,7.2
2025-06-19T03:00,24.4,0.3,100,0.0,8.2
2025-06-19T04:00,24.4,0.1,100,0.0,4.5
2025-06-19T05:00,24.4,1.6,100,0.0,2.3
2025-06-19T06:00,24.6,2.2,100,3.0,6.1
2025-06-19T07:00,25.1,0.5,100,68.0,3.6
2025-06-19T08:00,25.8,0.5,100,131.0,3.0
2025-06-19T09:00,26.4,0.3,100,267.0,1.3
2025-06-19T10:00,27.0,0.2,100,414.0,5.3
2025-06-19T11:00,27.9,0.1,100,673.0,6.4
2025-06-19T12:00,28.1,0.1,100,721.0,8.8
2025-06-19T13:00,27.9,0.1,100,653.0,8.1
2025-06-19T14:00,28.1,0.0,100,630.0,8.6
2025-06-19T15:00,27.6,0.0,100,520.0,10.6
2025-06-19T16:00,27.3,0.0,100,366.0,9.1
2025-06-19T17:00,27.2,0.0,100,249.0,7.0
2025-06-19T18:00,27.3,0.3,100,61.0,4.7
2025-06-19T19:00,26.1,0.3,100,1.0,3.9
2025-06-19T20:00,25.6,0.0,99,0.0,7.7
2025-06-19T21:00,25.3,0.1,100,0.0,6.4
2025-06-19T22:00,25.3,0.1,100,0.0,3.1
2025-06-19T23:00,25.5,0.1,97,0.0,4.2
2025-06-20T00:00,25.1,0.1,100,0.0,4.5
2025-06-20T01:00,24.6,0.1,100,0.0,7.3
2025-06-20T02:00,24.3,0.1,100,0.0,5.5
2025-06-20T03:00,24.5,0.0,100,0.0,5.1
2025-06-20T04:00,24.5,0.0,100,0.0,6.5
2025-06-20T05:00,24.1,0.0,100,0.0,6.5
2025-06-20T06:00,25.3,0.6,72,6.0,3.2
2025-06-20T07:00,25.8,0.1,94,104.0,1.5
2025-06-20T08:00,25.9,0.6,88,197.0,4.8
2025-06-20T09:00,27.4,0.1,92,466.0,1.3
2025-06-20T10:00,28.1,0.0,86,605.0,6.7
2025-06-20T11:00,28.7,0.1,76,808.0,11.6
2025-06-20T12:00,28.0,0.3,79,629.0,13.6
2025-06-20T13:00,28.2,0.0,80,847.0,13.1
2025-06-20T14:00,27.5,0.2,84,656.0,13.0
2025-06-20T15:00,27.8,0.0,67,616.0,8.2
2025-06-20T16:00,27.7,0.0,99,490.0,7.1
2025-06-20T17:00,27.2,0.0,100,255.0,7.8
2025-06-20T18:00,27.3,0.1,97,76.0,12.6
2025-06-20T19:00,26.5,0.5,92,2.0,2.8
2025-06-20T20:00,25.2,2.2,83,0.0,11.5
2025-06-20T21:00,24.5,0.8,99,0.0,9.3
2025-06-20T22:00,24.9,0.2,96,0.0,2.8
2025-06-20T23:00,24.5,0.1,99,0.0,1.8
2025-06-21T00:00,24.6,0.1,99,0.0,1.9
2025-06-21T01:00,25.1,0.1,98,0.0,1.9
2025-06-21T02:00,25.0,0.2,100,0.0,4.9
2025-06-21T03:00,25.2,0.5,99,0.0,5.1
2025-06-21T04:00,24.9,0.6,97,0.0,5.8
2025-06-21T05:00,24.8,0.1,100,0.0,2.2
2025-06-21T06:00,25.1,0.5,100,4.0,5.3
2025-06-21T07:00,25.6,0.1,100,92.0,7.1
2025-06-21T08:00,26.7,0.0,100,301.0,6.1
2025-06-21T09:00,27.8,0.0,100,455.0,2.7
2025-06-21T10:00,28.2,0.1,100,580.0,9.8
2025-06-21T11:00,27.1,0.6,99,508.0,4.0
2025-06-21T12:00,28.1,0.0,100,714.0,5.4
2025-06-21T13:00,27.4,0.2,100,432.0,4.9
2025-06-21T14:00,28.2,0.1,100,688.0,9.6
2025-06-21T15:00,27.7,0.0,100,537.0,9.8
2025-06-21T16:00,27.4,0.1,98,421.0,11.8
2025-06-21T17:00,27.7,0.1,100,225.0,10.8
2025-06-21T18:00,27.7,0.0,100,81.0,9.3
2025-06-21T19:00,27.0,0.0,100,2.0,5.1
2025-06-21T20:00,26.1,1.5,100,0.0,7.2
2025-06-21T21:00,25.9,0.1,100,0.0,5.2
2025-06-21T22:00,25.2,0.1,100,0.0,7.7
2025-06-21T23:00,25.2,0.4,100,0.0,5.5
2025-06-22T00:00,25.2,0.4,100,0.0,7.0
2025-06-22T01:00,25.0,0.1,100,0.0,4.3
2025-06-22T02:00,24.7,0.0,100,0.0,5.3
2025-06-22T03:00,24.3,0.0,100,0.0,6.3
2025-06-22T04:00,24.0,0.0,100,0.0,7.8
2025-06-22T05:00,24.2,0.0,88,0.0,7.0
2025-06-22T06:00,23.9,0.1,67,4.0,10.6
2025-06-22T07:00,24.8,0.0,97,104.0,7.5
2025-06-22T08:00,25.7,0.1,99,276.0,4.4
2025-06-22T09:00,26.6,0.6,100,376.0,7.0
2025-06-22T10:00,26.7,0.4,100,432.0,6.1
2025-06-22T11:00,27.1,0.3,100,651.0,9.2
2025-06-22T12:00,27.4,0.0,100,719.0,8.3
2025-06-22T13:00,27.5,0.2,100,709.0,9.5
2025-06-22T14:00,26.4,0.1,100,371.0,6.7
2025-06-22T15:00,26.5,0.2,100,281.0,9.4
2025-06-22T16:00,26.2,0.1,100,244.0,9.9
2025-06-22T17:00,25.0,0.3,100,156.0,10.6
2025-06-22T18:00,25.0,0.5,100,29.0,8.4
2025-06-22T19:00,23.9,4.7,100,1.0,7.8
2025-06-22T20:00,24.1,1.6,100,0.0,5.3
2025-06-22T21:00,24.4,0.6,100,0.0,3.2
2025-06-22T22:00,24.4,0.7,100,0.0,4.5
2025-06-22T23:00,24.0,1.6,100,0.0,6.3
2025-06-23T00:00,24.0,1.2,100,0.0,4.7
2025-06-23T01:00,23.9,0.4,100,0.0,3.4
2025-06-23T02:00,23.9,0.3,100,0.0,4.4
2025-06-23T03:00,24.0,0.1,100,0.0,2.9
2025-06-23T04:00,24.5,0.6,100,0.0,3.5
2025-06-23T05:00,24.0,0.1,100,0.0,2.7
2025-06-23T06:00,24.5,1.6,100,1.0,4.3
2025-06-23T07:00,24.1,0.5,100,31.0,9.7
2025-06-23T08:00,24.4,0.1,99,76.0,5.6
2025-06-23T09:00,26.3,0.0,100,420.0,3.1
2025-06-23T10:00,27.2,0.2,84,495.0,10.6
2025-06-23T11:00,28.1,0.1,100,759.0,11.6
2025-06-23T12:00,28.3,0.0,99,849.0,13.2
2025-06-23T13:00,28.4,0.0,100,835.0,13.7
2025-06-23T14:00,28.3,0.0,100,769.0,15.1
2025-06-23T15:00,27.9,0.1,100,533.0,15.7
2025-06-23T16:00,27.9,0.1,100,406.0,14.1
2025-06-23T17:00,27.7,0.1,100,214.0,13.8
2025-06-23T18:00,27.5,0.0,100,78.0,5.1
2025-06-23T19:00,25.5,0.6,100,2.0,12.3
2025-06-23T20:00,25.6,0.0,100,0.0,3.4
2025-06-23T21:00,25.3,0.2,100,0.0,3.3
2025-06-23T22:00,25.2,0.2,100,0.0,7.5
2025-06-23T23:00,24.7,0.0,100,0.0,5.7
2025-06-24T00:00,24.4,0.0,100,0.0,6.7
2025-06-24T01:00,24.5,0.0,100,0.0,4.6
2025-06-24T02:00,24.7,0.1,100,0.0,2.4
2025-06-24T03:00,24.2,1.1,100,0.0,7.4
2025-06-24T04:00,24.4,0.8,100,0.0,14.7
2025-06-24T05:00,25.1,0.1,100,0.0,8.8
2025-06-24T06:00,27.0,0.0,100,4.0,12.3
2025-06-24T07:00,27.3,0.0,92,89.0,14.7
2025-06-24T08:00,27.8,0.1,83,266.0,9.5
2025-06-24T09:00,27.9,0.0,100,454.0,10.4
2025-06-24T10:00,28.4,0.0,100,411.0,7.6
2025-06-24T11:00,28.3,0.1,100,619.0,14.1
2025-06-24T12:00,27.8,0.7,100,543.0,9.1
2025-06-24T13:00,28.1,0.1,100,672.0,14.4
2025-06-24T14:00,27.3,0.3,100,372.0,13.6
2025-06-24T15:00,27.0,0.3,100,328.0,13.4
2025-06-24T16:00,26.4,0.4,100,162.0,14.5
2025-06-24T17:00,25.9,0.5,100,137.0,17.3
2025-06-24T18:00,28.1,0.0,100,84.0,14.4
2025-06-24T19:00,27.8,0.1,100,3.0,18.2
2025-06-24T20:00,25.7,1.2,100,0.0,12.3
2025-06-24T21:00,25.7,0.0,100,0.0,3.9
2025-06-24T22:00,24.5,0.7,100,0.0,9.8
2025-06-24T23:00,24.2,1.0,100,0.0,8.1
2025-06-25T00:00,24.5,0.5,100,0.0,2.4
2025-06-25T01:00,24.3,0.7,100,0.0,4.3
2025-06-25T02:00,24.4,0.2,100,0.0,6.6
2025-06-25T03:00,24.3,0.2,100,0.0,5.9
2025-06-25T04:00,24.1,0.2,100,0.0,9.3
2025-06-25T05:00,23.8,0.8,100,0.0,7.6
2025-06-25T06:00,27.3,0.0,100,4.0,17.3
2025-06-25T07:00,27.4,0.0,100,93.0,18.3
2025-06-25T08:00,27.8,0.4,100,278.0,13.2
2025-06-25T09:00,26.5,3.4,100,399.0,9.2
2025-06-25T10:00,27.7,1.6,100,533.0,3.6
2025-06-25T11:00,28.1,1.1,100,659.0,9.0
2025-06-25T12:00,26.2,5.3,100,485.0,13.7
2025-06-25T13:00,25.9,1.2,100,425.0,9.8
2025-06-25T14:00,25.7,0.8,100,202.0,10.3
2025-06-25T15:00,26.0,0.5,100,156.0,10.0
2025-06-25T16:00,26.1,0.9,100,269.0,16.1
2025-06-25T17:00,25.3,0.7,100,141.0,12.1
2025-06-25T18:00,25.3,3.3,100,20.0,4.6
2025-06-25T19:00,24.5,3.0,100,1.0,7.9
2025-06-25T20:00,24.3,0.5,100,0.0,8.6
2025-06-25T21:00,24.7,0.7,100,0.0,2.4
2025-06-25T22:00,24.7,0.5,100,0.0,4.6
2025-06-25T23:00,24.2,0.2,100,0.0,9.0
2025-06-26T00:00,24.2,0.1,100,0.0,5.9
2025-06-26T01:00,24.1,0.3,100,0.0,7.2
2025-06-26T02:00,24.0,0.0,100,0.0,8.0
2025-06-26T03:00,24.0,0.2,100,0.0,3.3
2025-06-26T04:00,24.1,2.7,100,0.0,4.8
2025-06-26T05:00,24.2,0.2,100,0.0,3.7
2025-06-26T06:00,24.9,0.2,100,2.0,5.0
2025-06-26T07:00,25.0,1.0,100,47.0,9.7
2025-06-26T08:00,25.3,1.1,100,141.0,6.0
2025-06-26T09:00,25.6,1.1,100,229.0,9.1
2025-06-26T10:00,26.2,0.8,100,260.0,6.9
2025-06-26T11:00,26.9,0.3,100,397.0,3.4
2025-06-26T12:00,27.3,1.1,100,605.0,4.1
2025-06-26T13:00,26.7,0.6,100,582.0,8.3
2025-06-26T14:00,26.5,0.1,100,360.0,6.0
2025-06-26T15:00,26.3,0.1,100,316.0,6.1
2025-06-26T16:00,25.6,1.3,100,224.0,5.0
2025-06-26T17:00,24.8,7.9,100,79.0,4.0
2025-06-26T18:00,25.1,1.7,100,61.0,5.6
2025-06-26T19:00,24.8,2.2,100,1.0,3.6
2025-06-26T20:00,24.3,8.3,100,0.0,5.5
2025-06-26T21:00,24.4,1.8,100,0.0,2.1
2025-06-26T22:00,24.0,6.0,100,0.0,8.7
2025-06-26T23:00,24.1,2.0,100,0.0,3.5
2025-06-27T00:00,24.3,0.5,100,0.0,2.9
2025-06-27T01:00,24.4,0.7,100,0.0,2.2
2025-06-27T02:00,24.6,0.5,100,0.0,1.1
2025-06-27T03:00,24.6,0.3,100,0.0,2.7
2025-06-27T04:00,24.4,0.1,90,0.0,4.8
2025-06-27T05:00,24.1,0.0,74,0.0,7.6
2025-06-27T06:00,24.2,0.6,100,1.0,7.4
2025-06-27T07:00,24.5,0.3,100,41.0,8.4
2025-06-27T08:00,25.4,0.2,100,142.0,7.6
2025-06-27T09:00,26.9,0.0,100,351.0,5.5
2025-06-27T10:00,28.4,0.0,99,607.0,5.8
2025-06-27T11:00,29.1,0.1,98,754.0,7.9
2025-06-27T12:00,28.4,0.2,100,656.0,8.8
2025-06-27T13:00,28.4,0.0,100,620.0,8.2
2025-06-27T14:00,28.5,0.0,100,640.0,8.9
2025-06-27T15:00,28.3,0.0,100,536.0,8.4
2025-06-27T16:00,28.1,0.0,100,415.0,7.6
2025-06-27T17:00,27.3,0.0,100,201.0,5.9
2025-06-27T18:00,26.1,0.3,100,71.0,12.6
2025-06-27T19:00,26.2,0.6,87,1.0,11.5
2025-06-27T20:00,25.3,3.1,100,0.0,16.0
2025-06-27T21:00,25.2,2.0,100,0.0,13.2
2025-06-27T22:00,25.0,3.3,100,0.0,7.7
2025-06-27T23:00,25.2,1.0,100,0.0,7.3
2025-06-28T00:00,24.9,0.8,100,0.0,5.9
2025-06-28T01:00,24.4,0.4,100,0.0,7.9
2025-06-28T02:00,24.4,0.1,100,0.0,6.5
2025-06-28T03:00,24.5,0.3,100,0.0,5.8
2025-06-28T04:00,24.2,0.6,100,0.0,3.2
2025-06-28T05:00,24.5,0.8,100,0.0,1.9
2025-06-28T06:00,23.9,1.4,100,2.0,7.2
2025-06-28T07:00,24.3,0.3,100,70.0,6.2
2025-06-28T08:00,25.0,0.7,100,150.0,2.1
2025-06-28T09:00,25.6,1.1,100,200.0,7.6
2025-06-28T10:00,25.9,0.7,100,252.0,8.9
2025-06-28T11:00,26.2,0.8,100,323.0,9.3
2025-06-28T12:00,27.4,0.0,99,598.0,6.0
2025-06-28T13:00,27.4,0.1,100,638.0,8.8
2025-06-28T14:00,26.0,3.8,100,402.0,10.6
2025-06-28T15:00,26.3,0.2,100,253.0,9.2
2025-06-28T16:00,26.5,0.1,100,217.0,8.4
2025-06-28T17:00,26.1,0.1,100,182.0,9.4
2025-06-28T18:00,26.8,0.9,100,74.0,6.5
2025-06-28T19:00,25.8,0.8,100,1.0,2.4
2025-06-28T20:00,25.1,0.7,99,0.0,3.8
2025-06-28T21:00,24.8,1.4,100,0.0,2.6
2025-06-28T22:00,24.8,0.6,100,0.0,4.8
2025-06-28T23:00,25.1,0.3,100,0.0,4.5
2025-06-29T00:00,24.4,1.5,100,0.0,3.5
2025-06-29T01:00,24.2,0.9,100,0.0,3.6
2025-06-29T02:00,24.1,0.3,100,0.0,3.9
2025-06-29T03:00,24.0,0.1,100,0.0,6.1
2025-06-29T04:00,23.9,0.0,100,0.0,6.9
2025-06-29T05:00,23.7,0.0,100,0.0,6.5
2025-06-29T06:00,24.5,0.3,100,1.0,8.3
2025-06-29T07:00,24.3,0.6,100,18.0,10.4
2025-06-29T08:00,24.9,0.5,100,83.0,6.2
2025-06-29T09:00,25.8,0.3,100,175.0,6.5
2025-06-29T10:00,26.2,0.1,100,151.0,5.8
2025-06-29T11:00,27.1,0.0,100,238.0,3.4
2025-06-29T12:00,27.5,0.0,100,245.0,2.1
2025-06-29T13:00,27.7,0.0,100,245.0,2.1
2025-06-29T14:00,28.0,0.0,100,276.0,1.4
2025-06-29T15:00,27.9,0.0,100,187.0,3.6
2025-06-29T16:00,27.5,0.0,100,109.0,4.4
2025-06-29T17:00,27.3,0.0,100,71.0,6.8
2025-06-29T18:00,27.1,0.0,100,39.0,6.8
2025-06-29T19:00,26.7,0.0,94,2.0,5.3
2025-06-29T20:00,26.7,0.0,99,0.0,5.8
2025-06-29T21:00,26.5,0.7,87,0.0,4.0
2025-06-29T22:00,26.2,0.2,74,0.0,4.8
2025-06-29T23:00,26.2,0.1,92,0.0,8.3
2025-06-30T00:00,26.2,0.0,97,0.0,7.0
2025-06-30T01:00,25.8,0.0,75,0.0,5.6
2025-06-30T02:00,25.2,0.0,100,0.0,3.6
2025-06-30T03:00,25.1,0.1,97,0.0,4.4
2025-06-30T04:00,25.2,0.3,100,0.0,10.2
2025-06-30T05:00,25.0,0.0,99,0.0,7.7
2025-06-30T06:00,25.6,0.0,100,4.0,3.1
2025-06-30T07:00,26.7,0.1,100,81.0,7.4
2025-06-30T08:00,26.3,0.2,99,224.0,12.1
2025-06-30T09:00,27.5,0.2,82,408.0,11.3
2025-06-30T10:00,28.7,0.1,100,637.0,9.8
2025-06-30T11:00,29.1,0.0,100,692.0,10.9
2025-06-30T12:00,28.9,0.1,100,699.0,11.4
2025-06-30T13:00,29.1,0.4,100,737.0,16.0
2025-06-30T14:00,28.1,0.1,100,617.0,14.0
2025-06-30T15:00,28.2,0.0,100,593.0,14.5
2025-06-30T16:00,27.9,0.0,100,329.0,14.3
2025-06-30T17:00,26.4,0.4,100,199.0,16.2
2025-06-30T18:00,26.6,0.0,99,75.0,12.1
2025-06-30T19:00,26.1,0.0,85,3.0,8.1
2025-06-30T20:00,25.2,1.0,99,0.0,9.6
2025-06-30T21:00,25.0,0.6,100,0.0,13.1
2025-06-30T22:00,25.2,0.1,100,0.0,6.6
2025-06-30T23:00,24.7,0.1,100,0.0,3.1
2025-07-01T00:00,24.6,0.1,100,0.0,3.7
2025-07-01T01:00,24.4,0.5,100,0.0,5.8
2025-07-01T02:00,24.7,0.1,100,0.0,4.3
2025-07-01T03:00,24.1,0.3,100,0.0,1.6
2025-07-01T04:00,24.3,1.5,100,0.0,5.1
2025-07-01T05:00,24.1,0.0,100,0.0,6.6
2025-07-01T06:00,24.2,0.4,100,3.0,3.7
2025-07-01T07:00,24.6,0.1,100,72.0,6.2
2025-07-01T08:00,25.6,0.2,100,238.0,3.8
2025-07-01T09:00,26.8,0.0,100,371.0,3.6
2025-07-01T10:00,28.2,0.0,100,551.0,1.2
2025-07-01T11:00,28.1,0.2,100,589.0,12.1
2025-07-01T12:00,27.8,0.1,100,531.0,9.3
2025-07-01T13:00,27.8,0.1,100,589.0,10.8
2025-07-01T14:00,27.8,0.1,100,496.0,12.5
2025-07-01T15:00,27.8,0.0,100,403.0,12.1
2025-07-01T16:00,27.3,0.0,100,276.0,13.1
2025-07-01T17:00,27.0,0.2,100,180.0,12.1
2025-07-01T18:00,27.4,0.0,100,80.0,4.4
2025-07-01T19:00,26.5,0.6,100,2.0,4.5
2025-07-01T20:00,26.4,0.2,100,0.0,4.2
2025-07-01T21:00,25.7,0.8,100,0.0,12.3
2025-07-01T22:00,25.4,0.4,100,0.0,6.7
2025-07-01T23:00,24.7,0.5,100,0.0,5.5
2025-07-02T00:00,24.8,0.0,100,0.0,5.7
2025-07-02T01:00,24.5,0.7,100,0.0,3.6
2025-07-02T02:00,24.6,0.1,100,0.0,1.6
2025-07-02T03:00,24.4,0.2,100,0.0,2.8
2025-07-02T04:00,24.3,1.0,100,0.0,18.7
2025-07-02T05:00,24.3,1.6,100,0.0,10.7
2025-07-02T06:00,24.3,0.0,100,2.0,9.7
2025-07-02T07:00,24.7,1.0,100,82.0,9.3
2025-07-02T08:00,25.5,0.4,100,149.0,2.8
2025-07-02T09:00,26.3,0.0,100,384.0,6.6
2025-07-02T10:00,27.6,0.1,100,561.0,4.2
2025-07-02T11:00,26.4,3.3,100,429.0,13.7
2025-07-02T12:00,26.5,2.8,100,399.0,10.8
2025-07-02T13:00,26.4,0.3,100,392.0,11.3
2025-07-02T14:00,26.6,0.1,100,375.0,10.9
2025-07-02T15:00,26.8,0.2,100,432.0,14.4
2025-07-02T16:00,24.7,1.7,100,189.0,11.4
2025-07-02T17:00,25.3,0.7,100,66.0,7.9
2025-07-02T18:00,25.2,0.4,100,44.0,8.9
2025-07-02T19:00,24.8,0.0,100,1.0,8.2
2025-07-02T20:00,24.7,0.0,100,0.0,5.9
2025-07-02T21:00,24.8,0.3,100,0.0,4.6
2025-07-02T22:00,24.9,0.3,100,0.0,3.2
2025-07-02T23:00,24.6,0.0,100,0.0,3.2
2025-07-03T00:00,24.2,1.3,100,0.0,10.0
2025-07-03T01:00,24.7,0.3,100,0.0,9.2
2025-07-03T02:00,24.9,0.0,100,0.0,7.9
2025-07-03T03:00,24.7,0.1,100,0.0,8.5
2025-07-03T04:00,24.6,0.2,100,0.0,6.2
2025-07-03T05:00,24.4,0.1,100,0.0,2.2
2025-07-03T06:00,24.3,0.0,100,3.0,3.1
2025-07-03T07:00,25.0,0.0,100,74.0,7.2
2025-07-03T08:00,26.4,0.0,100,228.0,5.4
2025-07-03T09:00,27.3,0.0,100,260.0,3.8
2025-07-03T10:00,27.8,0.0,100,299.0,1.2
2025-07-03T11:00,28.2,0.1,100,535.0,6.3
2025-07-03T12:00,28.2,0.0,100,519.0,7.9
2025-07-03T13:00,28.2,0.0,100,582.0,9.2
2025-07-03T14:00,28.1,0.0,100,591.0,11.7
2025-07-03T15:00,27.5,0.0,100,368.0,13.3
2025-07-03T16:00,27.3,0.0,100,173.0,13.5
2025-07-03T17:00,27.2,0.0,100,125.0,11.5
2025-07-03T18:00,26.9,0.1,100,55.0,6.5
2025-07-03T19:00,26.5,0.1,100,2.0,2.2
2025-07-03T20:00,24.5,1.9,100,0.0,2.6
2025-07-03T21:00,24.8,0.0,100,0.0,2.2
2025-07-03T22:00,24.2,0.2,100,0.0,11.4
2025-07-03T23:00,24.2,0.0,99,0.0,6.9
2025-07-04T00:00,24.2,0.0,100,0.0,6.0
2025-07-04T01:00,24.1,0.0,97,0.0,3.2
2025-07-04T02:00,23.9,0.1,95,0.0,4.5
2025-07-04T03:00,23.9,0.0,100,0.0,4.3
2025-07-04T04:00,24.0,0.3,99,0.0,3.5
2025-07-04T05:00,24.1,0.9,83,0.0,4.2
2025-07-04T06:00,24.0,0.1,100,3.0,6.3
2025-07-04T07:00,24.6,0.0,100,77.0,7.6
2025-07-04T08:00,25.6,0.0,99,219.0,6.5
2025-07-04T09:00,27.6,0.0,100,476.0,4.3
2025-07-04T10:00,27.8,1.2,100,672.0,8.6
2025-07-04T11:00,27.8,0.1,100,591.0,6.8
2025-07-04T12:00,28.6,0.0,100,808.0,6.9
2025-07-04T13:00,28.8,0.0,99,845.0,8.3
2025-07-04T14:00,29.0,0.0,100,802.0,9.9
2025-07-04T15:00,28.1,0.0,100,569.0,9.1
2025-07-04T16:00,27.7,0.0,96,375.0,9.3
2025-07-04T17:00,27.3,0.0,99,249.0,8.2
2025-07-04T18:00,27.2,0.0,100,76.0,6.2
2025-07-04T19:00,26.7,0.0,100,3.0,4.2
2025-07-04T20:00,26.4,0.0,82,0.0,2.3
2025-07-04T21:00,26.1,0.0,98,0.0,3.5
2025-07-04T22:00,25.9,0.0,100,0.0,5.4
2025-07-04T23:00,25.5,0.2,100,0.0,9.4
2025-07-05T00:00,25.2,0.0,100,0.0,6.8
2025-07-05T01:00,24.7,0.0,100,0.0,6.5
2025-07-05T02:00,24.5,0.0,100,0.0,5.3
2025-07-05T03:00,24.4,0.0,100,0.0,5.2
2025-07-05T04:00,24.5,0.0,100,0.0,4.4
2025-07-05T05:00,24.5,0.0,100,0.0,2.7
2025-07-05T06:00,24.4,0.0,98,3.0,7.4
2025-07-05T07:00,25.0,0.1,99,100.0,7.8
2025-07-05T08:00,26.2,0.0,100,296.0,7.4
2025-07-05T09:00,27.9,0.0,100,471.0,4.8
2025-07-05T10:00,27.7,0.7,100,650.0,11.2
2025-07-05T11:00,28.5,0.0,98,739.0,9.0
2025-07-05T12:00,28.7,0.0,100,841.0,10.5
2025-07-05T13:00,28.6,0.0,100,716.0,9.7
2025-07-05T14:00,28.6,0.0,100,689.0,10.2
2025-07-05T15:00,28.4,0.1,100,580.0,13.0
2025-07-05T16:00,27.6,0.0,100,372.0,10.3
2025-07-05T17:00,27.5,0.1,100,217.0,10.8
2025-07-05T18:00,26.8,0.0,97,81.0,4.8
2025-07-05T19:00,25.9,0.2,90,2.0,4.1
2025-07-05T20:00,25.8,0.0,98,0.0,2.0
2025-07-05T21:00,25.3,0.5,99,0.0,5.3
2025-07-05T22:00,25.1,0.1,98,0.0,8.2
2025-07-05T23:00,25.0,0.0,96,0.0,6.5
2025-07-06T00:00,24.7,1.2,98,0.0,7.3
2025-07-06T01:00,24.5,0.1,100,0.0,4.5
2025-07-06T02:00,24.2,0.1,100,0.0,8.8
2025-07-06T03:00,24.1,1.4,99,0.0,7.7
2025-07-06T04:00,24.1,0.0,100,0.0,5.1
2025-07-06T05:00,23.9,0.1,100,0.0,4.0
2025-07-06T06:00,24.8,0.0,100,3.0,9.3
2025-07-06T07:00,25.7,0.1,100,78.0,4.4
2025-07-06T08:00,26.1,0.5,100,180.0,7.6
2025-07-06T09:00,27.0,0.2,99,407.0,6.7
2025-07-06T10:00,28.1,0.0,96,611.0,6.6
2025-07-06T11:00,27.9,0.2,100,704.0,8.1
2025-07-06T12:00,29.0,0.2,100,842.0,9.0
2025-07-06T13:00,29.3,0.1,100,810.0,13.5
2025-07-06T14:00,28.5,0.2,100,729.0,15.6
2025-07-06T15:00,28.1,0.3,100,620.0,13.4
2025-07-06T16:00,27.9,0.3,100,434.0,15.1
2025-07-06T17:00,27.5,0.3,100,226.0,14.2
2025-07-06T18:00,27.4,0.4,88,74.0,13.3
2025-07-06T19:00,27.1,0.3,61,3.0,11.5
2025-07-06T20:00,25.4,0.9,100,0.0,14.1
2025-07-06T21:00,25.3,1.0,100,0.0,0.4
2025-07-06T22:00,24.5,0.1,100,0.0,8.5
2025-07-06T23:00,24.4,0.3,100,0.0,6.4
2025-07-07T00:00,23.9,0.2,100,0.0,5.7
2025-07-07T01:00,24.0,0.1,100,0.0,5.3
2025-07-07T02:00,24.0,0.1,100,0.0,3.1
2025-07-07T03:00,23.8,0.2,100,0.0,3.4
2025-07-07T04:00,23.9,0.2,100,0.0,5.0
2025-07-07T05:00,24.0,0.1,100,0.0,4.8
2025-07-07T06:00,25.1,0.2,100,3.0,6.5
2025-07-07T07:00,25.7,0.3,100,79.0,4.8
2025-07-07T08:00,26.2,0.1,100,221.0,6.9
2025-07-07T09:00,27.5,0.1,100,441.0,4.9
2025-07-07T10:00,28.1,0.1,100,617.0,7.6
2025-07-07T11:00,28.9,0.0,100,751.0,8.6
2025-07-07T12:00,28.6,0.1,100,811.0,12.5
2025-07-07T13:00,28.9,0.0,100,800.0,13.4
2025-07-07T14:00,28.3,0.0,100,757.0,12.7
2025-07-07T15:00,28.2,0.0,100,621.0,14.3
2025-07-07T16:00,27.6,0.0,100,408.0,14.1
2025-07-07T17:00,27.3,0.0,100,217.0,12.6
2025-07-07T18:00,27.3,0.0,95,93.0,5.9
2025-07-07T19:00,26.9,0.0,100,3.0,4.1
2025-07-07T20:00,26.9,0.0,99,0.0,4.5
2025-07-07T21:00,26.8,0.0,100,0.0,1.9
2025-07-07T22:00,25.7,0.2,100,0.0,8.6
2025-07-07T23:00,25.3,0.2,100,0.0,5.0
2025-07-08T00:00,24.7,1.0,55,0.0,5.3
2025-07-08T01:00,24.2,0.1,100,0.0,7.3
2025-07-08T02:00,24.2,0.9,100,0.0,6.0
2025-07-08T03:00,24.4,0.6,48,0.0,2.9
2025-07-08T04:00,24.2,0.0,95,0.0,4.0
2025-07-08T05:00,24.3,0.2,100,0.0,2.2
2025-07-08T06:00,24.8,0.1,100,3.0,4.2
2025-07-08T07:00,25.8,0.2,58,68.0,2.2
2025-07-08T08:00,26.9,0.0,64,285.0,0.8
2025-07-08T09:00,27.6,0.4,70,418.0,5.6
2025-07-08T10:00,28.4,0.2,100,597.0,11.5
2025-07-08T11:00,28.8,0.2,98,716.0,12.4
2025-07-08T12:00,27.7,0.9,100,846.0,17.7
2025-07-08T13:00,28.3,0.0,93,768.0,14.5
2025-07-08T14:00,27.8,0.2,91,636.0,14.8
2025-07-08T15:00,28.2,0.0,100,608.0,14.3
2025-07-08T16:00,28.0,0.0,77,477.0,16.6
2025-07-08T17:00,27.9,0.2,39,272.0,17.1
2025-07-08T18:00,27.3,0.2,32,83.0,11.6
2025-07-08T19:00,27.1,0.0,32,3.0,10.1
2025-07-08T20:00,26.8,0.0,28,0.0,8.4
2025-07-08T21:00,26.1,0.3,53,0.0,12.9
2025-07-08T22:00,25.9,0.1,24,0.0,6.2
2025-07-08T23:00,25.5,0.0,31,0.0,7.9
2025-07-09T00:00,25.0,0.0,14,0.0,6.6
2025-07-09T01:00,24.6,0.0,44,0.0,2.1
2025-07-09T02:00,25.1,0.2,72,0.0,5.1
2025-07-09T03:00,25.0,0.1,72,0.0,5.7
2025-07-09T04:00,25.0,0.0,93,0.0,5.7
2025-07-09T05:00,24.5,0.1,100,0.0,8.3
2025-07-09T06:00,24.3,0.7,96,2.0,10.3
2025-07-09T07:00,24.8,0.0,93,78.0,9.6
2025-07-09T08:00,25.9,0.2,93,269.0,7.1
2025-07-09T09:00,27.3,0.1,91,463.0,7.8
2025-07-09T10:00,28.0,0.4,55,648.0,10.9
2025-07-09T11:00,28.5,0.1,85,743.0,13.0
2025-07-09T12:00,29.1,0.0,99,814.0,14.1
2025-07-09T13:00,28.9,0.2,46,867.0,16.3
2025-07-09T14:00,28.8,0.0,100,754.0,15.3
2025-07-09T15:00,28.5,0.0,99,654.0,15.7
2025-07-09T16:00,28.2,0.0,100,489.0,14.6
2025-07-09T17:00,27.6,0.0,88,275.0,13.8
2025-07-09T18:00,27.4,0.2,74,91.0,13.2
2025-07-09T19:00,26.7,0.0,51,2.0,8.0
2025-07-09T20:00,24.8,1.9,54,0.0,9.2
2025-07-09T21:00,24.9,0.0,42,0.0,8.2
2025-07-09T22:00,25.1,0.2,30,0.0,6.9
2025-07-09T23:00,24.7,0.0,31,0.0,8.2
2025-07-10T00:00,24.2,0.6,99,0.0,5.4
2025-07-10T01:00,25.0,0.4,95,0.0,9.1
2025-07-10T02:00,25.3,0.2,99,0.0,9.3
2025-07-10T03:00,24.4,0.9,99,0.0,12.1
2025-07-10T04:00,24.6,0.1,100,0.0,9.0
2025-07-10T05:00,24.4,0.1,88,0.0,8.8
2025-07-10T06:00,24.7,0.1,86,2.0,8.3
2025-07-10T07:00,25.5,0.7,79,76.0,6.0
2025-07-10T08:00,26.2,0.5,70,255.0,10.8
2025-07-10T09:00,27.3,0.0,61,441.0,9.9
2025-07-10T10:00,27.7,0.2,87,609.0,14.1
2025-07-10T11:00,28.2,0.0,73,605.0,8.9
2025-07-10T12:00,29.2,0.2,39,858.0,13.0
2025-07-10T13:00,28.5,0.5,87,834.0,17.5
2025-07-10T14:00,28.4,0.0,97,735.0,14.3
2025-07-10T15:00,28.1,0.0,75,503.0,14.9
2025-07-10T16:00,28.0,0.2,90,499.0,14.3
2025-07-10T17:00,27.5,0.0,99,263.0,13.7
2025-07-10T18:00,27.5,0.0,39,88.0,10.8
2025-07-10T19:00,27.0,0.0,68,3.0,12.3
2025-07-10T20:00,26.8,0.2,93,0.0,8.4
2025-07-10T21:00,26.5,0.2,34,0.0,11.0
2025-07-10T22:00,26.2,0.0,39,0.0,6.9
2025-07-10T23:00,25.9,0.0,37,0.0,4.7
2025-07-11T00:00,25.6,0.0,35,0.0,5.8
2025-07-11T01:00,25.4,0.0,14,0.0,3.7
2025-07-11T02:00,25.1,0.0,24,0.0,2.3
2025-07-11T03:00,25.1,0.0,32,0.0,2.9
2025-07-11T04:00,24.4,1.1,83,0.0,3.4
2025-07-11T05:00,24.6,1.2,93,0.0,3.9
2025-07-11T06:00,25.6,0.1,85,3.0,4.1
2025-07-11T07:00,25.7,0.1,90,87.0,6.4
2025-07-11T08:00,26.4,0.1,46,235.0,4.9
2025-07-11T09:00,27.6,0.1,45,461.0,3.8
2025-07-11T10:00,28.7,0.1,69,664.0,4.3
2025-07-11T11:00,29.3,0.0,92,793.0,9.3
2025-07-11T12:00,28.4,0.1,89,689.0,11.6
2025-07-11T13:00,28.3,0.0,98,650.0,16.0
2025-07-11T14:00,28.2,0.0,94,455.0,17.1
2025-07-11T15:00,27.6,0.2,89,448.0,19.6
2025-07-11T16:00,27.6,0.0,87,305.0,16.4
2025-07-11T17:00,25.4,2.6,96,192.0,12.9
2025-07-11T18:00,27.4,0.0,100,80.0,15.0
2025-07-11T19:00,26.0,0.3,100,3.0,14.3
2025-07-11T20:00,24.9,2.7,100,0.0,9.8
2025-07-11T21:00,24.9,0.6,100,0.0,5.1
2025-07-11T22:00,24.7,1.6,100,0.0,10.0
2025-07-11T23:00,24.6,0.4,100,0.0,9.1
2025-07-12T00:00,24.6,0.3,82,0.0,11.0
2025-07-12T01:00,24.0,7.9,100,0.0,4.6
2025-07-12T02:00,23.9,4.0,100,0.0,7.1
2025-07-12T03:00,23.7,0.8,100,0.0,4.0
2025-07-12T04:00,23.9,0.5,100,0.0,6.4
2025-07-12T05:00,23.6,1.0,100,0.0,5.7
2025-07-12T06:00,25.3,0.3,100,2.0,12.6
2025-07-12T07:00,25.0,2.0,96,60.0,16.2
2025-07-12T08:00,26.1,0.5,100,156.0,12.4
2025-07-12T09:00,26.6,0.3,64,335.0,16.5
2025-07-12T10:00,27.5,0.2,77,490.0,15.1
2025-07-12T11:00,28.5,0.2,98,782.0,18.3
2025-07-12T12:00,28.5,0.1,44,784.0,19.4
2025-07-12T13:00,28.3,0.0,51,799.0,19.8
2025-07-12T14:00,28.3,0.1,66,740.0,18.3
2025-07-12T15:00,27.9,0.1,61,664.0,18.6
2025-07-12T16:00,27.3,0.4,93,439.0,19.1
2025-07-12T17:00,26.7,0.1,93,221.0,16.0
2025-07-12T18:00,27.0,0.0,100,47.0,12.4
2025-07-12T19:00,26.8,0.0,99,2.0,11.1
2025-07-12T20:00,26.6,1.1,84,0.0,8.6
2025-07-12T21:00,25.7,5.3,79,0.0,2.6
2025-07-12T22:00,25.6,1.4,78,0.0,7.2
2025-07-12T23:00,25.1,0.4,77,0.0,5.8
2025-07-13T00:00,25.1,1.2,100,0.0,4.1
2025-07-13T01:00,25.1,1.2,100,0.0,9.8
2025-07-13T02:00,25.2,0.4,100,0.0,16.5
2025-07-13T03:00,25.1,0.1,99,0.0,13.5
2025-07-13T04:00,25.1,0.0,100,0.0,9.3
2025-07-13T05:00,25.2,0.1,98,0.0,8.5
2025-07-13T06:00,24.7,0.0,100,2.0,6.5
2025-07-13T07:00,25.3,0.4,100,69.0,8.4
2025-07-13T08:00,25.8,0.1,100,188.0,6.1
2025-07-13T09:00,26.8,0.1,100,352.0,5.2
2025-07-13T10:00,27.3,1.5,100,467.0,10.3
2025-07-13T11:00,27.5,0.2,100,534.0,9.3
2025-07-13T12:00,27.3,1.6,100,696.0,14.3
2025-07-13T13:00,27.2,0.1,99,498.0,12.5
2025-07-13T14:00,27.7,0.1,100,508.0,12.8
2025-07-13T15:00,27.7,0.0,100,434.0,14.7
2025-07-13T16:00,27.1,0.1,100,369.0,15.9
2025-07-13T17:00,26.7,0.3,100,193.0,12.8
2025-07-13T18:00,26.4,1.1,100,74.0,8.9
2025-07-13T19:00,25.6,1.8,100,3.0,13.9
2025-07-13T20:00,25.5,2.7,100,0.0,10.6
2025-07-13T21:00,25.3,0.1,100,0.0,7.9
2025-07-13T22:00,24.9,1.7,100,0.0,8.2
2025-07-13T23:00,25.1,1.2,100,0.0,10.7
2025-07-14T00:00,25.3,0.1,100,0.0,7.9
2025-07-14T01:00,25.0,0.8,100,0.0,7.2
2025-07-14T02:00,25.0,1.6,100,0.0,11.4
2025-07-14T03:00,25.0,2.9,100,0.0,6.7
2025-07-14T04:00,24.6,0.8,100,0.0,9.4
2025-07-14T05:00,24.7,0.4,100,0.0,3.3
2025-07-14T06:00,24.8,2.3,100,2.0,12.8
2025-07-14T07:00,25.4,1.0,100,43.0,11.4
2025-07-14T08:00,26.1,0.2,100,81.0,7.8
2025-07-14T09:00,26.7,0.1,100,329.0,6.4
2025-07-14T10:00,27.5,0.1,100,409.0,9.2
2025-07-14T11:00,27.4,0.2,100,585.0,12.6
2025-07-14T12:00,26.7,0.8,100,512.0,17.6
2025-07-14T13:00,26.2,0.1,100,533.0,15.9
2025-07-14T14:00,27.1,0.1,100,408.0,12.8
2025-07-14T15:00,26.6,0.3,100,425.0,16.2
2025-07-14T16:00,25.7,0.3,100,264.0,18.1
2025-07-14T17:00,26.3,0.2,100,160.0,12.4
2025-07-14T18:00,26.2,0.1,100,81.0,9.1
2025-07-14T19:00,24.9,3.6,100,1.0,11.8
2025-07-14T20:00,25.3,1.3,100,0.0,8.4
2025-07-14T21:00,24.8,0.2,100,0.0,5.6
2025-07-14T22:00,24.3,0.1,100,0.0,9.3
2025-07-14T23:00,24.0,0.4,100,0.0,4.0
2025-07-15T00:00,24.4,0.9,100,0.0,7.8
2025-07-15T01:00,24.7,0.1,100,0.0,7.9
2025-07-15T02:00,24.8,0.3,100,0.0,11.3
2025-07-15T03:00,24.5,2.2,97,0.0,12.9
2025-07-15T04:00,24.5,0.5,100,0.0,9.8
2025-07-15T05:00,24.4,0.6,100,0.0,9.0
2025-07-15T06:00,24.8,1.5,100,2.0,15.0
2025-07-15T07:00,25.3,0.4,100,39.0,17.2
2025-07-15T08:00,25.6,1.1,100,145.0,16.4
2025-07-15T09:00,26.2,0.2,100,182.0,13.1
2025-07-15T10:00,26.1,1.5,100,411.0,19.0
2025-07-15T11:00,26.7,0.4,100,467.0,15.4
2025-07-15T12:00,26.5,0.4,100,571.0,18.4
2025-07-15T13:00,26.9,0.3,100,464.0,17.7
2025-07-15T14:00,26.6,0.3,100,294.0,15.8
2025-07-15T15:00,27.0,0.1,100,467.0,16.4
2025-07-15T16:00,26.4,0.1,100,231.0,15.4
2025-07-15T17:00,26.6,0.0,100,179.0,16.3
2025-07-15T18:00,26.0,1.2,100,63.0,15.4
2025-07-15T19:00,25.1,1.5,100,2.0,14.5
2025-07-15T20:00,25.1,1.6,100,0.0,8.2
2025-07-15T21:00,25.0,0.3,100,0.0,5.6
2025-07-15T22:00,24.7,0.1,100,0.0,4.0
2025-07-15T23:00,24.7,0.9,89,0.0,6.4
2025-07-16T00:00,24.5,1.7,96,0.0,11.1
2025-07-16T01:00,24.6,1.2,98,0.0,9.6
2025-07-16T02:00,24.5,0.2,100,0.0,3.9
2025-07-16T03:00,24.5,0.5,100,0.0,5.0
2025-07-16T04:00,24.6,0.6,100,0.0,4.1
2025-07-16T05:00,24.4,0.5,68,0.0,8.8
2025-07-16T06:00,24.9,2.1,100,1.0,7.9
2025-07-16T07:00,25.0,1.1,100,34.0,7.1
2025-07-16T08:00,25.0,0.7,100,59.0,9.0
2025-07-16T09:00,25.5,1.6,100,215.0,13.9
2025-07-16T10:00,24.5,12.0,100,117.0,6.8
2025-07-16T11:00,25.3,0.7,100,133.0,12.6
2025-07-16T12:00,25.9,3.3,100,502.0,13.4
2025-07-16T13:00,25.5,3.3,100,187.0,14.6
2025-07-16T14:00,25.2,2.8,100,283.0,20.3
2025-07-16T15:00,24.8,4.0,100,99.0,13.6
2025-07-16T16:00,25.1,2.9,100,57.0,18.8
2025-07-16T17:00,25.1,0.9,100,112.0,19.1
2025-07-16T18:00,25.5,4.6,100,15.0,20.6
2025-07-16T19:00,25.4,4.0,100,0.0,17.7
2025-07-16T20:00,25.4,3.3,100,0.0,13.9
2025-07-16T21:00,25.3,1.2,100,0.0,16.2
2025-07-16T22:00,25.2,2.3,100,0.0,14.0
2025-07-16T23:00,24.6,3.6,100,0.0,10.6
2025-07-17T00:00,24.5,0.7,100,0.0,5.9
2025-07-17T01:00,24.3,1.7,100,0.0,7.9
2025-07-17T02:00,23.8,2.5,100,0.0,7.7
2025-07-17T03:00,24.1,2.0,100,0.0,6.6
2025-07-17T04:00,24.1,1.7,100,0.0,3.8
2025-07-17T05:00,24.2,1.3,100,0.0,6.7
2025-07-17T06:00,24.3,0.3,100,1.0,6.9
2025-07-17T07:00,24.6,0.3,100,32.0,6.6
2025-07-17T08:00,24.9,0.6,100,93.0,8.5
2025-07-17T09:00,25.9,0.1,100,241.0,11.6
2025-07-17T10:00,26.5,0.1,100,266.0,16.2
2025-07-17T11:00,26.5,0.2,100,352.0,17.4
2025-07-17T12:00,26.6,0.3,100,405.0,18.5
2025-07-17T13:00,27.3,0.2,100,642.0,17.8
2025-07-17T14:00,27.0,0.2,100,485.0,16.6
2025-07-17T15:00,26.1,4.9,100,289.0,19.2
2025-07-17T16:00,25.8,0.6,100,72.0,14.7
2025-07-17T17:00,25.5,1.0,100,83.0,17.4
2025-07-17T18:00,25.5,0.7,100,12.0,13.1
2025-07-17T19:00,25.6,0.2,100,1.0,10.0
2025-07-17T20:00,25.2,0.5,100,0.0,13.5
2025-07-17T21:00,25.1,0.4,100,0.0,8.7
2025-07-17T22:00,24.9,0.3,100,0.0,8.1
2025-07-17T23:00,24.9,0.2,100,0.0,9.9
2025-07-18T00:00,24.9,0.4,100,0.0,11.8
2025-07-18T01:00,23.8,6.2,100,0.0,12.6
2025-07-18T02:00,24.3,8.0,100,0.0,15.4
2025-07-18T03:00,24.0,0.5,100,0.0,15.2
2025-07-18T04:00,24.4,0.6,100,0.0,13.1
2025-07-18T05:00,24.6,0.2,100,0.0,9.9
2025-07-18T06:00,24.7,1.0,100,1.0,14.0
2025-07-18T07:00,25.2,0.7,100,30.0,13.2
2025-07-18T08:00,25.8,0.1,100,94.0,13.7
2025-07-18T09:00,25.8,0.5,100,196.0,15.5
2025-07-18T10:00,25.7,0.8,100,145.0,12.8
2025-07-18T11:00,26.7,0.0,100,450.0,11.7
2025-07-18T12:00,27.4,0.2,98,667.0,17.5
2025-07-18T13:00,27.9,0.0,92,709.0,15.8
2025-07-18T14:00,26.5,2.2,96,600.0,19.7
2025-07-18T15:00,26.8,0.8,100,461.0,20.9
2025-07-18T16:00,26.4,0.5,100,288.0,18.6
2025-07-18T17:00,25.5,2.8,100,120.0,21.8
2025-07-18T18:00,25.5,0.6,100,70.0,16.9
2025-07-18T19:00,25.5,0.6,70,3.0,17.2
2025-07-18T20:00,25.2,0.3,95,0.0,18.3
2025-07-18T21:00,24.9,1.1,59,0.0,16.7
2025-07-18T22:00,24.9,0.6,99,0.0,19.7
2025-07-18T23:00,24.9,0.3,100,0.0,13.6
2025-07-19T00:00,24.9,2.7,100,0.0,15.8
2025-07-19T01:00,25.0,0.8,100,0.0,15.8
2025-07-19T02:00,24.7,1.2,100,0.0,15.8
2025-07-19T03:00,24.4,0.7,100,0.0,15.5
2025-07-19T04:00,24.7,0.8,100,0.0,20.9
2025-07-19T05:00,24.8,0.2,100,0.0,17.2
2025-07-19T06:00,24.7,4.6,100,0.0,20.7
2025-07-19T07:00,24.5,4.2,100,9.0,14.9
2025-07-19T08:00,24.7,5.3,100,31.0,11.4
2025-07-19T09:00,25.0,2.9,100,91.0,13.2
2025-07-19T10:00,25.2,1.9,100,122.0,14.1
2025-07-19T11:00,25.2,2.3,100,125.0,14.3
2025-07-19T12:00,25.6,0.9,100,209.0,16.2
2025-07-19T13:00,24.8,2.0,100,169.0,16.5
2025-07-19T14:00,24.9,2.9,100,131.0,18.5
2025-07-19T15:00,24.7,3.8,100,97.0,18.8
2025-07-19T16:00,24.7,2.3,100,80.0,20.9
2025-07-19T17:00,24.7,2.1,100,18.0,20.0
2025-07-19T18:00,24.7,2.1,100,19.0,15.7
2025-07-19T19:00,24.4,2.5,100,1.0,16.5
2025-07-19T20:00,24.6,1.6,100,0.0,12.5
2025-07-19T21:00,24.3,0.9,100,0.0,16.9
2025-07-19T22:00,24.2,0.9,100,0.0,8.1
2025-07-19T23:00,24.4,1.2,100,0.0,13.4
2025-07-20T00:00,24.0,1.8,100,0.0,13.4
2025-07-20T01:00,23.9,3.3,100,0.0,12.3
2025-07-20T02:00,24.0,2.5,100,0.0,17.6
2025-07-20T03:00,24.1,2.5,100,0.0,15.8
2025-07-20T04:00,24.3,1.2,100,0.0,15.4
2025-07-20T05:00,24.4,1.3,100,0.0,16.2
2025-07-20T06:00,25.0,0.7,100,1.0,17.6
2025-07-20T07:00,25.0,0.7,100,43.0,11.9
2025-07-20T08:00,25.4,0.1,100,119.0,10.1
2025-07-20T09:00,25.8,0.2,100,239.0,5.7
2025-07-20T10:00,26.3,1.3,100,385.0,14.5
2025-07-20T11:00,25.0,3.0,100,254.0,12.2
2025-07-20T12:00,24.4,2.6,100,108.0,14.6
2025-07-20T13:00,24.6,1.4,100,134.0,13.6
2025-07-20T14:00,24.8,1.6,100,126.0,12.3
2025-07-20T15:00,25.2,1.3,100,122.0,12.5
2025-07-20T16:00,24.8,1.1,100,101.0,11.8
2025-07-20T17:00,24.6,2.1,100,69.0,14.6
2025-07-20T18:00,25.4,0.9,100,25.0,10.8
2025-07-20T19:00,24.6,1.9,100,1.0,13.4
2025-07-20T20:00,24.4,1.2,100,0.0,8.0
2025-07-20T21:00,24.5,0.3,100,0.0,3.4
2025-07-20T22:00,24.5,0.1,100,0.0,3.8
2025-07-20T23:00,24.2,0.6,100,0.0,8.4
2025-07-21T00:00,24.5,0.4,100,0.0,9.4
2025-07-21T01:00,24.4,1.2,100,0.0,9.5
2025-07-21T02:00,23.7,1.7,100,0.0,7.2
2025-07-21T03:00,23.8,1.9,100,0.0,9.6
2025-07-21T04:00,24.1,1.7,100,0.0,11.2
2025-07-21T05:00,23.7,2.2,100,0.0,11.3
2025-07-21T06:00,24.2,1.4,100,0.0,1.5
2025-07-21T07:00,24.5,0.2,100,35.0,4.4
2025-07-21T08:00,25.1,0.8,100,126.0,2.3
2025-07-21T09:00,25.6,0.3,100,191.0,5.0
2025-07-21T10:00,26.5,0.3,100,357.0,10.0
2025-07-21T11:00,26.5,0.5,100,309.0,11.5
2025-07-21T12:00,26.4,1.0,100,296.0,10.4
2025-07-21T13:00,25.9,2.2,100,331.0,13.9
2025-07-21T14:00,25.3,1.4,100,247.0,16.1
2025-07-21T15:00,25.1,1.5,100,173.0,17.2
2025-07-21T16:00,24.3,2.7,100,95.0,13.3
2025-07-21T17:00,24.7,1.2,100,82.0,11.5
2025-07-21T18:00,25.2,0.4,100,29.0,5.5
2025-07-21T19:00,25.0,0.2,100,1.0,6.6
2025-07-21T20:00,24.4,0.5,100,0.0,7.5
2025-07-21T21:00,24.5,0.2,100,0.0,8.3
2025-07-21T22:00,24.2,0.1,100,0.0,4.8
2025-07-21T23:00,23.8,0.2,100,0.0,4.5
2025-07-22T00:00,23.7,0.5,100,0.0,3.4
2025-07-22T01:00,23.8,0.5,100,0.0,1.4
2025-07-22T02:00,23.6,0.8,100,0.0,6.7
2025-07-22T03:00,23.6,0.4,100,0.0,3.5
2025-07-22T04:00,23.8,0.6,100,0.0,5.2
2025-07-22T05:00,23.8,0.5,100,0.0,1.8
2025-07-22T06:00,24.0,1.8,100,1.0,9.6
2025-07-22T07:00,24.3,1.6,100,13.0,6.4
2025-07-22T08:00,24.3,1.9,100,68.0,9.3
2025-07-22T09:00,24.4,2.4,100,125.0,9.0
2025-07-22T10:00,24.9,0.9,70,200.0,3.1
2025-07-22T11:00,26.6,0.1,100,670.0,6.3
2025-07-22T12:00,26.4,0.1,100,394.0,10.1
2025-07-22T13:00,25.9,0.1,100,275.0,11.9
2025-07-22T14:00,25.5,0.1,97,147.0,9.5
2025-07-22T15:00,26.0,0.6,100,362.0,14.7
2025-07-22T16:00,26.1,0.1,80,296.0,12.8
2025-07-22T17:00,25.2,0.5,100,138.0,12.5
2025-07-22T18:00,24.8,0.8,100,65.0,13.2
2025-07-22T19:00,24.4,2.2,95,1.0,8.9
2025-07-22T20:00,24.8,0.3,55,0.0,8.2
2025-07-22T21:00,24.5,0.5,100,0.0,5.3
2025-07-22T22:00,25.0,0.5,77,0.0,5.7
2025-07-22T23:00,24.3,0.9,100,0.0,9.4
2025-07-23T00:00,24.3,1.1,100,0.0,8.9
2025-07-23T01:00,24.1,0.1,100,0.0,3.9
2025-07-23T02:00,23.9,0.7,100,0.0,12.7
2025-07-23T03:00,23.9,1.3,100,0.0,9.9
2025-07-23T04:00,24.3,0.4,100,0.0,11.8
2025-07-23T05:00,24.5,0.7,100,0.0,13.9
2025-07-23T06:00,24.0,1.0,100,1.0,9.9
2025-07-23T07:00,24.3,0.5,100,21.0,7.3
2025-07-23T08:00,24.6,0.1,100,166.0,12.3
2025-07-23T09:00,24.3,1.3,56,87.0,9.2
2025-07-23T10:00,25.8,0.1,100,384.0,11.5
2025-07-23T11:00,25.3,2.9,100,162.0,15.2
2025-07-23T12:00,25.1,1.2,100,200.0,10.1
2025-07-23T13:00,26.2,0.5,100,568.0,15.7
2025-07-23T14:00,25.2,1.7,100,253.0,14.2
2025-07-23T15:00,25.3,1.0,100,103.0,14.7
2025-07-23T16:00,25.0,0.9,100,78.0,15.8
2025-07-23T17:00,25.2,0.2,100,117.0,13.6
2025-07-23T18:00,24.9,1.9,100,36.0,14.3
2025-07-23T19:00,24.1,4.1,100,1.0,14.3
2025-07-23T20:00,24.7,2.1,100,0.0,14.1
2025-07-23T21:00,24.6,1.6,100,0.0,18.0
2025-07-23T22:00,24.5,1.9,100,0.0,15.0
2025-07-23T23:00,24.6,1.6,100,0.0,15.0
2025-07-24T00:00,24.4,1.2,100,0.0,15.7
2025-07-24T01:00,24.7,0.2,100,0.0,10.7
2025-07-24T02:00,24.6,0.4,100,0.0,11.9
2025-07-24T03:00,24.4,0.7,100,0.0,12.9
2025-07-24T04:00,24.3,0.1,100,0.0,6.0
2025-07-24T05:00,24.0,0.4,100,0.0,5.5
2025-07-24T06:00,24.4,2.2,100,0.0,10.7
2025-07-24T07:00,24.9,1.5,100,15.0,18.4
2025-07-24T08:00,25.7,0.8,100,71.0,16.4
2025-07-24T09:00,27.0,0.2,100,394.0,17.7
2025-07-24T10:00,26.6,1.2,100,492.0,19.7
2025-07-24T11:00,27.5,0.1,100,555.0,15.7
2025-07-24T12:00,26.1,2.4,100,636.0,20.8
2025-07-24T13:00,25.9,0.2,100,276.0,14.8
2025-07-24T14:00,25.9,0.4,100,368.0,16.5
2025-07-24T15:00,25.1,0.6,100,189.0,20.9
2025-07-24T16:00,25.0,1.6,93,142.0,18.5
2025-07-24T17:00,25.0,0.5,100,120.0,15.3
2025-07-24T18:00,24.9,4.8,100,17.0,11.8
2025-07-24T19:00,24.9,1.9,100,1.0,17.5
2025-07-24T20:00,26.2,0.6,100,0.0,16.7
2025-07-24T21:00,25.3,3.5,100,0.0,19.4
2025-07-24T22:00,25.3,0.5,100,0.0,14.9
2025-07-24T23:00,25.5,0.0,100,0.0,9.7
2025-07-25T00:00,24.3,0.3,100,0.0,14.4
2025-07-25T01:00,24.6,1.0,100,0.0,9.4
2025-07-25T02:00,24.1,0.0,100,0.0,2.6
2025-07-25T03:00,24.0,0.3,100,0.0,1.9
2025-07-25T04:00,24.2,0.1,100,0.0,0.2
2025-07-25T05:00,24.1,1.6,100,0.0,5.2
2025-07-25T06:00,24.7,0.1,100,2.0,10.7
2025-07-25T07:00,25.2,0.0,100,52.0,5.8
2025-07-25T08:00,26.3,0.1,100,241.0,5.3
2025-07-25T09:00,27.8,0.0,100,409.0,9.6
2025-07-25T10:00,28.3,0.9,100,605.0,13.2
2025-07-25T11:00,28.0,0.0,100,640.0,11.7
2025-07-25T12:00,28.5,0.0,100,786.0,8.5
2025-07-25T13:00,28.1,0.1,100,775.0,15.4
2025-07-25T14:00,27.5,0.1,100,644.0,18.0
2025-07-25T15:00,27.1,0.9,100,534.0,20.1
2025-07-25T16:00,25.7,2.9,100,345.0,23.0
2025-07-25T17:00,25.5,0.1,100,83.0,13.0
2025-07-25T18:00,24.7,3.1,100,28.0,18.5
2025-07-25T19:00,24.4,4.3,100,0.0,12.1
2025-07-25T20:00,25.0,0.3,100,0.0,7.0
2025-07-25T21:00,25.1,0.0,100,0.0,2.6
2025-07-25T22:00,25.2,0.4,100,0.0,9.5
2025-07-25T23:00,25.0,1.1,100,0.0,11.6
2025-07-26T00:00,25.1,0.7,100,0.0,11.1
2025-07-26T01:00,24.5,0.8,100,0.0,10.6
2025-07-26T02:00,25.0,0.5,100,0.0,3.0
2025-07-26T03:00,24.6,0.6,100,0.0,2.9
2025-07-26T04:00,23.7,3.0,100,0.0,8.6
2025-07-26T05:00,24.1,2.6,100,0.0,12.4
2025-07-26T06:00,24.5,6.7,100,0.0,16.8
2025-07-26T07:00,24.3,3.8,100,22.0,11.4
2025-07-26T08:00,25.1,1.7,100,50.0,22.8
2025-07-26T09:00,25.0,2.2,100,115.0,20.2
2025-07-26T10:00,24.8,2.7,100,243.0,13.9
2025-07-26T11:00,25.2,0.4,100,155.0,12.0
2025-07-26T12:00,26.5,0.0,100,546.0,12.0
2025-07-26T13:00,25.2,4.1,100,374.0,15.2
2025-07-26T14:00,25.9,0.3,100,366.0,17.2
2025-07-26T15:00,25.1,3.7,100,149.0,23.0
2025-07-26T16:00,25.0,1.8,100,92.0,20.2
2025-07-26T17:00,25.0,2.8,100,44.0,17.4
2025-07-26T18:00,25.3,0.2,100,18.0,2.3
2025-07-26T19:00,24.8,0.3,100,2.0,1.0
2025-07-26T20:00,24.5,0.0,100,0.0,4.7
2025-07-26T21:00,24.2,0.0,100,0.0,5.9
2025-07-26T22:00,24.0,0.0,100,0.0,7.6
2025-07-26T23:00,23.7,0.0,100,0.0,7.6
2025-07-27T00:00,23.8,0.0,100,0.0,7.4
2025-07-27T01:00,24.0,0.1,100,0.0,7.3
2025-07-27T02:00,24.0,0.0,100,0.0,7.2
2025-07-27T03:00,23.7,0.0,100,0.0,8.8
2025-07-27T04:00,23.5,0.0,100,0.0,8.3
2025-07-27T05:00,23.1,0.1,100,0.0,3.0
2025-07-27T06:00,24.1,0.0,100,1.0,7.1
2025-07-27T07:00,24.1,0.9,100,16.0,2.3
2025-07-27T08:00,24.4,1.5,100,50.0,6.0
2025-07-27T09:00,24.8,0.7,100,135.0,3.8
2025-07-27T10:00,24.7,1.5,100,149.0,5.2
2025-07-27T11:00,25.5,1.0,100,239.0,11.5
2025-07-27T12:00,25.2,0.7,100,193.0,9.1
2025-07-27T13:00,26.5,0.1,100,553.0,6.2
2025-07-27T14:00,26.3,0.0,100,403.0,10.0
2025-07-27T15:00,26.2,0.0,100,445.0,9.7
2025-07-27T16:00,26.5,0.0,100,371.0,10.0
2025-07-27T17:00,26.3,0.0,99,254.0,8.0
2025-07-27T18:00,25.9,0.0,45,96.0,6.8
2025-07-27T19:00,25.4,0.0,18,3.0,6.1
2025-07-27T20:00,25.3,0.0,23,0.0,4.0
2025-07-27T21:00,25.0,0.1,44,0.0,7.4
2025-07-27T22:00,24.7,0.0,28,0.0,7.2
2025-07-27T23:00,24.4,0.0,28,0.0,6.8
2025-07-28T00:00,24.2,0.1,29,0.0,7.0
2025-07-28T01:00,24.0,0.0,29,0.0,7.6
2025-07-28T02:00,23.8,0.0,15,0.0,5.6
2025-07-28T03:00,23.5,0.0,45,0.0,2.2
2025-07-28T04:00,23.9,0.4,82,0.0,4.3
2025-07-28T05:00,24.1,0.0,97,0.0,4.9
2025-07-28T06:00,24.6,0.0,13,2.0,7.7
2025-07-28T07:00,25.2,0.0,26,93.0,8.1
2025-07-28T08:00,26.1,0.1,15,277.0,8.8
2025-07-28T09:00,26.9,0.1,40,451.0,12.9
2025-07-28T10:00,27.8,0.0,19,676.0,14.1
2025-07-28T11:00,28.4,0.0,14,792.0,16.3
2025-07-28T12:00,28.6,0.0,54,880.0,18.5
2025-07-28T13:00,28.4,0.0,69,872.0,19.4
2025-07-28T14:00,28.3,0.0,49,841.0,19.0
2025-07-28T15:00,28.0,0.0,81,704.0,19.3
2025-07-28T16:00,27.9,0.0,86,525.0,19.0
2025-07-28T17:00,27.3,0.0,15,306.0,17.6
2025-07-28T18:00,26.8,0.0,77,102.0,15.7
2025-07-28T19:00,26.4,0.0,86,3.0,13.8
2025-07-28T20:00,26.3,0.0,20,0.0,13.7
2025-07-28T21:00,26.0,0.1,12,0.0,14.5
2025-07-28T22:00,25.7,0.0,24,0.0,10.2
2025-07-28T23:00,25.7,0.0,28,0.0,8.8
2025-07-29T00:00,25.5,0.0,28,0.0,7.6
2025-07-29T01:00,25.2,0.0,96,0.0,8.1
2025-07-29T02:00,24.5,1.2,93,0.0,13.9
2025-07-29T03:00,24.6,0.0,94,0.0,8.4
2025-07-29T04:00,24.7,0.0,99,0.0,9.1
2025-07-29T05:00,24.4,0.1,100,0.0,9.5
2025-07-29T06:00,24.9,0.0,100,2.0,8.8
2025-07-29T07:00,25.7,0.3,99,79.0,12.0
2025-07-29T08:00,26.3,0.1,82,201.0,14.9
2025-07-29T09:00,27.9,0.2,74,483.0,18.4
2025-07-29T10:00,28.7,0.1,79,653.0,20.1
2025-07-29T11:00,29.2,0.0,94,836.0,22.0
2025-07-29T12:00,29.3,0.0,84,899.0,22.6
2025-07-29T13:00,29.3,0.0,84,923.0,22.8
2025-07-29T14:00,28.9,0.0,84,853.0,23.8
2025-07-29T15:00,28.5,0.0,83,682.0,21.7
2025-07-29T16:00,28.1,0.2,91,525.0,22.5
2025-07-29T17:00,27.5,0.0,82,284.0,18.2
2025-07-29T18:00,27.2,0.0,84,99.0,12.1
2025-07-29T19:00,26.7,0.0,0,3.0,10.9
2025-07-29T20:00,26.4,0.0,2,0.0,9.8
2025-07-29T21:00,26.2,0.0,55,0.0,8.8
2025-07-29T22:00,25.9,0.0,84,0.0,7.6
2025-07-29T23:00,25.6,0.0,93,0.0,8.6
2025-07-30T00:00,25.4,0.2,100,0.0,10.0
2025-07-30T01:00,25.3,0.0,96,0.0,8.6
2025-07-30T02:00,24.9,0.0,97,0.0,8.1
2025-07-30T03:00,24.8,0.0,96,0.0,7.2
2025-07-30T04:00,24.8,0.1,98,0.0,8.6
2025-07-30T05:00,24.6,0.5,97,0.0,10.2
2025-07-30T06:00,25.5,0.0,89,2.0,9.4
2025-07-30T07:00,26.4,0.0,100,90.0,12.5
2025-07-30T08:00,27.0,0.2,99,243.0,11.9
2025-07-30T09:00,27.7,0.0,99,431.0,12.0
2025-07-30T10:00,28.4,0.0,99,610.0,15.2
2025-07-30T11:00,28.6,0.0,98,719.0,15.0
2025-07-30T12:00,28.7,0.0,99,894.0,15.9
2025-07-30T13:00,28.3,0.0,99,853.0,16.4
2025-07-30T14:00,28.3,0.0,97,819.0,14.7
2025-07-30T15:00,27.7,0.3,99,659.0,17.7
2025-07-30T16:00,27.2,0.0,97,492.0,16.3
2025-07-30T17:00,26.8,0.0,98,292.0,13.9
2025-07-30T18:00,26.8,0.0,98,97.0,11.0
2025-07-30T19:00,26.5,0.0,96,2.0,11.1
2025-07-30T20:00,26.3,0.0,98,0.0,8.1
2025-07-30T21:00,25.9,0.1,98,0.0,11.0
2025-07-30T22:00,24.8,0.8,87,0.0,12.0
2025-07-30T23:00,24.1,2.2,100,0.0,11.6
2025-07-31T00:00,23.9,0.3,99,0.0,10.3
2025-07-31T01:00,23.6,0.1,93,0.0,7.9
2025-07-31T02:00,23.7,0.0,100,0.0,5.4
2025-07-31T03:00,23.8,0.0,100,0.0,5.9
2025-07-31T04:00,23.6,0.1,100,0.0,4.8
2025-07-31T05:00,24.1,0.1,100,0.0,5.9
2025-07-31T06:00,23.8,8.4,100,1.0,9.8
2025-07-31T07:00,24.8,1.7,100,26.0,7.8
2025-07-31T08:00,25.8,0.2,100,203.0,8.7
2025-07-31T09:00,26.6,0.1,100,438.0,10.5
2025-07-31T10:00,27.1,0.2,100,504.0,11.8
2025-07-31T11:00,27.5,0.0,100,670.0,13.5
2025-07-31T12:00,27.4,0.0,100,722.0,15.3
2025-07-31T13:00,27.4,0.2,100,751.0,17.6
2025-07-31T14:00,27.2,0.0,100,667.0,17.5
2025-07-31T15:00,27.3,0.0,100,553.0,16.1
2025-07-31T16:00,26.6,0.0,100,375.0,16.7
2025-07-31T17:00,26.6,0.0,100,225.0,14.1
2025-07-31T18:00,26.8,0.0,100,77.0,12.3
2025-07-31T19:00,26.4,0.0,100,2.0,11.2
2025-07-31T20:00,26.3,0.0,100,0.0,12.0
2025-07-31T21:00,26.2,0.0,100,0.0,10.7
2025-07-31T22:00,26.0,0.0,100,0.0,9.5
2025-07-31T23:00,25.7,0.1,100,0.0,9.9
2025-08-01T00:00,25.4,0.8,100,0.0,15.3
2025-08-01T01:00,25.5,0.1,100,0.0,12.5
2025-08-01T02:00,25.0,0.6,100,0.0,16.8
2025-08-01T03:00,25.1,0.1,100,0.0,13.4
2025-08-01T04:00,25.2,0.1,92,0.0,10.1
2025-08-01T05:00,24.9,0.2,99,0.0,11.5
2025-08-01T06:00,25.6,0.3,100,1.0,7.7
2025-08-01T07:00,25.9,0.1,93,54.0,10.3
2025-08-01T08:00,26.6,0.2,100,222.0,9.1
2025-08-01T09:00,27.2,0.1,100,406.0,12.2
2025-08-01T10:00,27.4,0.1,100,448.0,11.8
2025-08-01T11:00,27.1,0.4,98,662.0,14.7
2025-08-01T12:00,27.7,0.1,100,612.0,14.6
2025-08-01T13:00,27.2,0.1,100,628.0,13.3
2025-08-01T14:00,27.6,0.0,100,643.0,13.9
2025-08-01T15:00,27.3,0.4,100,606.0,17.1
2025-08-01T16:00,27.0,0.0,100,377.0,15.7
2025-08-01T17:00,26.7,0.1,100,200.0,15.6
2025-08-01T18:00,26.2,1.2,98,50.0,12.1
2025-08-01T19:00,26.2,0.5,99,2.0,11.6
2025-08-01T20:00,25.8,1.7,100,0.0,13.1
2025-08-01T21:00,25.7,1.3,100,0.0,12.7
2025-08-01T22:00,25.4,2.6,100,0.0,14.8
2025-08-01T23:00,25.3,0.5,100,0.0,15.1
2025-08-02T00:00,25.0,0.3,100,0.0,13.0
2025-08-02T01:00,25.0,0.7,100,0.0,13.0
2025-08-02T02:00,24.8,2.9,100,0.0,11.5
2025-08-02T03:00,24.7,7.9,100,0.0,15.6
2025-08-02T04:00,24.9,0.3,100,0.0,15.8
2025-08-02T05:00,24.4,0.2,100,0.0,15.5
2025-08-02T06:00,25.3,0.3,100,1.0,11.3
2025-08-02T07:00,25.6,0.7,100,56.0,12.4
2025-08-02T08:00,25.1,2.6,100,83.0,13.6
2025-08-02T09:00,26.1,1.9,100,183.0,13.4
2025-08-02T10:00,25.9,5.1,100,209.0,14.6
2025-08-02T11:00,26.3,0.9,100,214.0,12.2
2025-08-02T12:00,27.1,0.1,100,505.0,17.6
2025-08-02T13:00,26.4,8.9,100,398.0,16.3
2025-08-02T14:00,26.7,2.0,99,420.0,15.8
2025-08-02T15:00,25.5,8.5,100,323.0,19.1
2025-08-02T16:00,25.7,0.7,100,104.0,17.5
2025-08-02T17:00,25.6,2.6,99,144.0,18.7
2025-08-02T18:00,25.7,0.0,100,46.0,7.3
2025-08-02T19:00,25.5,0.0,100,1.0,4.3
2025-08-02T20:00,25.3,0.0,100,0.0,7.6
2025-08-02T21:00,25.3,0.0,100,0.0,5.2
2025-08-02T22:00,25.2,0.0,100,0.0,5.8
2025-08-02T23:00,25.2,0.1,100,0.0,6.8
2025-08-03T00:00,25.0,3.0,100,0.0,8.6
2025-08-03T01:00,25.1,0.2,100,0.0,13.4
2025-08-03T02:00,24.9,0.7,100,0.0,11.7
2025-08-03T03:00,24.9,0.1,100,0.0,10.8
2025-08-03T04:00,24.7,0.3,100,0.0,12.0
2025-08-03T05:00,24.7,0.1,100,0.0,12.0
2025-08-03T06:00,24.8,0.3,100,1.0,6.8
2025-08-03T07:00,25.5,0.1,100,54.0,4.1
2025-08-03T08:00,26.4,0.1,100,215.0,8.0
2025-08-03T09:00,26.8,0.1,100,290.0,6.1
2025-08-03T10:00,26.7,1.9,100,393.0,14.1
2025-08-03T11:00,25.2,4.7,100,434.0,12.3
2025-08-03T12:00,26.2,0.2,100,409.0,10.1
2025-08-03T13:00,26.6,0.2,100,489.0,13.9
2025-08-03T14:00,25.4,3.0,100,445.0,15.0
2025-08-03T15:00,25.8,0.6,100,280.0,14.8
2025-08-03T16:00,25.4,0.8,100,55.0,14.2
2025-08-03T17:00,25.7,0.6,100,97.0,12.9
2025-08-03T18:00,25.6,3.2,100,29.0,11.2
2025-08-03T19:00,24.6,4.7,100,1.0,10.2
2025-08-03T20:00,24.3,0.3,100,0.0,7.4
2025-08-03T21:00,24.5,0.5,100,0.0,7.4
2025-08-03T22:00,24.4,0.7,100,0.0,8.6
2025-08-03T23:00,24.2,0.2,100,0.0,7.1
2025-08-04T00:00,24.1,0.2,100,0.0,4.6
2025-08-04T01:00,24.2,0.5,100,0.0,5.4
2025-08-04T02:00,24.1,0.3,100,0.0,6.6
2025-08-04T03:00,24.0,0.1,100,0.0,5.0
2025-08-04T04:00,24.0,0.0,68,0.0,5.5
2025-08-04T05:00,23.8,0.0,36,0.0,3.9
2025-08-04T06:00,24.4,0.0,100,1.0,10.7
2025-08-04T07:00,24.9,0.0,82,59.0,12.3
2025-08-04T08:00,25.9,0.0,98,232.0,13.5
2025-08-04T09:00,26.5,0.0,94,299.0,11.7
2025-08-04T10:00,27.6,0.0,97,521.0,14.7
2025-08-04T11:00,27.8,0.0,86,617.0,14.2
2025-08-04T12:00,27.9,0.1,99,854.0,15.5
2025-08-04T13:00,27.7,0.0,98,910.0,15.2
2025-08-04T14:00,28.2,0.0,100,799.0,16.9
2025-08-04T15:00,27.2,0.0,100,572.0,13.2
2025-08-04T16:00,26.5,0.0,100,242.0,11.6
2025-08-04T17:00,26.3,0.0,100,186.0,10.6
2025-08-04T18:00,26.4,0.2,100,80.0,11.2
2025-08-04T19:00,26.0,1.0,98,2.0,9.6
2025-08-04T20:00,25.3,1.9,100,0.0,7.9
2025-08-04T21:00,25.4,0.2,100,0.0,9.8
2025-08-04T22:00,25.6,0.2,100,0.0,7.6
2025-08-04T23:00,25.1,1.6,100,0.0,8.0
2025-08-05T00:00,24.5,5.9,100,0.0,5.7
2025-08-05T01:00,24.7,0.7,100,0.0,6.8
2025-08-05T02:00,24.3,0.5,100,0.0,7.0
2025-08-05T03:00,24.0,2.3,100,0.0,6.5
2025-08-05T04:00,24.2,0.7,100,0.0,6.5
2025-08-05T05:00,24.3,0.5,100,0.0,10.8
2025-08-05T06:00,24.7,0.8,100,0.0,5.2
2025-08-05T07:00,25.3,0.3,100,41.0,6.9
2025-08-05T08:00,25.4,0.8,100,140.0,7.6
2025-08-05T09:00,25.7,0.2,100,282.0,7.2
2025-08-05T10:00,26.2,0.2,100,410.0,7.1
2025-08-05T11:00,26.6,0.2,99,506.0,8.5
2025-08-05T12:00,26.3,0.2,100,348.0,9.0
2025-08-05T13:00,27.0,0.2,100,578.0,12.9
2025-08-05T14:00,27.0,0.2,100,541.0,12.5
2025-08-05T15:00,26.7,0.3,100,558.0,13.5
2025-08-05T16:00,26.3,0.1,100,351.0,14.1
2025-08-05T17:00,26.1,0.0,100,168.0,11.2
2025-08-05T18:00,25.6,0.1,100,43.0,11.5
2025-08-05T19:00,25.5,0.0,100,1.0,8.9
2025-08-05T20:00,25.4,0.0,100,0.0,8.7
2025-08-05T21:00,25.3,0.4,100,0.0,6.8
2025-08-05T22:00,25.1,0.2,99,0.0,9.6
2025-08-05T23:00,24.7,0.2,100,0.0,10.4
2025-08-06T00:00,24.7,0.3,97,0.0,9.2
2025-08-06T01:00,24.5,0.1,97,0.0,7.3
2025-08-06T02:00,24.3,0.1,99,0.0,6.9
2025-08-06T03:00,24.2,0.1,99,0.0,4.9
2025-08-06T04:00,23.8,0.2,98,0.0,3.5
2025-08-06T05:00,23.8,0.1,48,0.0,3.0
2025-08-06T06:00,24.4,0.1,99,1.0,5.5
2025-08-06T07:00,25.0,0.0,87,68.0,6.5
2025-08-06T08:00,25.9,0.1,67,264.0,9.7
2025-08-06T09:00,26.7,0.1,53,445.0,12.3
2025-08-06T10:00,27.5,0.1,39,673.0,13.9
2025-08-06T11:00,27.8,0.0,35,818.0,16.3
2025-08-06T12:00,27.9,0.0,93,890.0,16.9
2025-08-06T13:00,27.9,0.0,94,881.0,17.5
2025-08-06T14:00,27.8,0.0,100,847.0,16.4
2025-08-06T15:00,27.5,0.0,100,703.0,16.4
2025-08-06T16:00,27.2,0.0,99,508.0,15.5
2025-08-06T17:00,26.9,0.0,99,303.0,13.9
2025-08-06T18:00,26.1,0.0,100,85.0,11.6
2025-08-06T19:00,25.9,0.0,100,2.0,9.9
2025-08-06T20:00,25.8,0.1,100,0.0,9.4
2025-08-06T21:00,25.6,0.0,100,0.0,8.2
2025-08-06T22:00,25.4,0.1,100,0.0,8.5
2025-08-06T23:00,25.3,0.1,100,0.0,9.9
2025-08-07T00:00,25.2,0.2,100,0.0,7.3
2025-08-07T01:00,24.9,0.1,100,0.0,6.9
2025-08-07T02:00,25.0,0.2,100,0.0,6.6
2025-08-07T03:00,24.9,0.1,100,0.0,7.6
2025-08-07T04:00,24.9,0.1,100,0.0,8.8
2025-08-07T05:00,24.7,0.1,100,0.0,8.2
2025-08-07T06:00,25.1,0.1,98,1.0,7.3
2025-08-07T07:00,25.4,0.1,100,69.0,5.5
2025-08-07T08:00,26.2,0.0,99,219.0,1.1
2025-08-07T09:00,27.1,0.1,100,430.0,5.5
2025-08-07T10:00,27.5,0.2,96,606.0,10.0
2025-08-07T11:00,27.8,0.0,100,756.0,11.5
2025-08-07T12:00,27.8,0.0,100,808.0,13.6
2025-08-07T13:00,27.7,0.1,100,735.0,15.4
2025-08-07T14:00,27.8,0.1,100,710.0,15.6
2025-08-07T15:00,27.2,0.2,100,528.0,16.3
2025-08-07T16:00,26.8,0.3,99,338.0,16.5
2025-08-07T17:00,26.6,0.4,97,162.0,12.4
2025-08-07T18:00,26.4,0.0,100,69.0,10.3
2025-08-07T19:00,26.0,0.0,100,1.0,7.4
2025-08-07T20:00,26.2,0.0,99,0.0,6.0
2025-08-07T21:00,26.0,0.1,99,0.0,5.5
2025-08-07T22:00,25.7,0.0,100,0.0,4.3
2025-08-07T23:00,25.6,0.2,100,0.0,4.8
2025-08-08T00:00,25.2,0.4,100,0.0,5.4
2025-08-08T01:00,24.9,0.1,100,0.0,4.6
2025-08-08T02:00,24.9,0.1,100,0.0,5.4
2025-08-08T03:00,24.9,1.0,100,0.0,2.9
2025-08-08T04:00,24.8,0.1,100,0.0,2.8
2025-08-08T05:00,24.6,0.0,100,0.0,1.9
2025-08-08T06:00,25.0,0.0,97,1.0,2.4
2025-08-08T07:00,25.7,0.0,99,85.0,2.6
2025-08-08T08:00,26.6,0.1,100,285.0,3.9
2025-08-08T09:00,27.3,0.3,98,459.0,7.2
2025-08-08T10:00,27.8,0.1,100,652.0,9.4
2025-08-08T11:00,28.0,0.1,100,771.0,9.6
2025-08-08T12:00,28.2,0.1,100,831.0,12.3
2025-08-08T13:00,27.2,0.0,100,736.0,10.7
2025-08-08T14:00,26.9,0.1,95,453.0,11.5
2025-08-08T15:00,27.0,0.0,98,566.0,12.6
2025-08-08T16:00,27.0,0.0,100,376.0,12.6
2025-08-08T17:00,26.6,0.1,100,210.0,10.9
2025-08-08T18:00,26.5,0.0,100,68.0,8.1
2025-08-08T19:00,26.0,0.0,100,1.0,6.8
2025-08-08T20:00,25.9,0.0,100,0.0,4.8
2025-08-08T21:00,25.7,0.1,100,0.0,4.8
2025-08-08T22:00,25.6,0.1,100,0.0,3.2
2025-08-08T23:00,25.2,0.8,100,0.0,3.8
2025-08-09T00:00,24.9,0.7,100,0.0,1.6
2025-08-09T01:00,24.8,0.1,100,0.0,0.9
2025-08-09T02:00,24.9,2.3,100,0.0,6.7
2025-08-09T03:00,25.1,0.2,100,0.0,4.9
2025-08-09T04:00,24.4,3.7,100,0.0,6.5
2025-08-09T05:00,24.6,0.5,100,0.0,1.1
2025-08-09T06:00,24.8,0.1,100,1.0,2.8
2025-08-09T07:00,24.8,1.3,97,61.0,4.8
2025-08-09T08:00,25.1,0.3,100,119.0,3.5
2025-08-09T09:00,26.1,0.1,100,329.0,5.2
2025-08-09T10:00,27.0,0.1,100,495.0,8.5
2025-08-09T11:00,27.3,0.0,100,609.0,8.0
2025-08-09T12:00,27.3,0.0,100,586.0,9.0
2025-08-09T13:00,26.6,0.0,100,373.0,10.6
2025-08-09T14:00,26.9,0.0,100,441.0,10.2
2025-08-09T15:00,26.9,0.1,100,508.0,11.9
2025-08-09T16:00,26.9,0.0,100,379.0,9.0
2025-08-09T17:00,26.5,0.0,100,191.0,8.9
2025-08-09T18:00,26.3,0.0,100,48.0,4.3
2025-08-09T19:00,25.9,0.4,100,1.0,3.2
2025-08-09T20:00,25.4,0.5,100,0.0,5.0
2025-08-09T21:00,25.3,0.2,100,0.0,6.3
2025-08-09T22:00,25.1,0.1,100,0.0,4.7
2025-08-09T23:00,24.9,0.0,100,0.0,5.4
2025-08-10T00:00,24.7,0.0,100,0.0,5.5
2025-08-10T01:00,24.5,0.0,100,0.0,5.1
2025-08-10T02:00,24.1,0.0,100,0.0,2.5
2025-08-10T03:00,23.8,0.0,100,0.0,2.1
2025-08-10T04:00,24.0,0.5,100,0.0,0.4
2025-08-10T05:00,24.2,0.0,100,0.0,1.3
2025-08-10T06:00,24.8,2.0,100,1.0,4.0
2025-08-10T07:00,25.2,0.1,100,34.0,3.3
2025-08-10T08:00,25.7,0.0,100,156.0,2.9
2025-08-10T09:00,26.5,0.0,100,314.0,3.6
2025-08-10T10:00,27.2,0.1,100,474.0,5.9
2025-08-10T11:00,27.7,0.0,99,584.0,7.5
2025-08-10T12:00,27.9,0.2,78,742.0,10.8
2025-08-10T13:00,27.8,0.3,86,798.0,13.5
2025-08-10T14:00,27.6,0.7,100,721.0,13.9
2025-08-10T15:00,26.9,0.7,100,350.0,11.1
2025-08-10T16:00,26.3,0.2,100,194.0,10.6
2025-08-10T17:00,26.3,0.2,100,140.0,6.0
2025-08-10T18:00,26.4,0.7,100,46.0,4.9
2025-08-10T19:00,25.3,1.6,100,1.0,4.3
2025-08-10T20:00,24.1,1.6,100,0.0,7.1
2025-08-10T21:00,24.1,0.3,100,0.0,6.0
2025-08-10T22:00,24.1,2.8,100,0.0,3.5
2025-08-10T23:00,23.6,0.9,100,0.0,6.1
2025-08-11T00:00,23.4,0.6,100,0.0,7.6
2025-08-11T01:00,23.4,0.0,100,0.0,5.8
2025-08-11T02:00,23.2,1.1,100,0.0,1.5
2025-08-11T03:00,23.2,4.4,100,0.0,3.4
2025-08-11T04:00,23.3,3.7,100,0.0,3.2
2025-08-11T05:00,23.5,0.9,100,0.0,1.9
2025-08-11T06:00,24.2,2.6,100,1.0,5.7
2025-08-11T07:00,24.3,0.0,100,37.0,7.3
2025-08-11T08:00,24.9,0.0,100,122.0,6.0
2025-08-11T09:00,26.3,0.0,100,403.0,1.3
2025-08-11T10:00,27.3,0.3,100,557.0,3.4
2025-08-11T11:00,28.0,0.1,100,729.0,6.5
2025-08-11T12:00,27.8,0.2,100,787.0,10.1
2025-08-11T13:00,27.4,0.1,100,620.0,10.1
2025-08-11T14:00,26.8,0.1,100,523.0,12.4
2025-08-11T15:00,26.6,0.1,100,361.0,12.1
2025-08-11T16:00,26.3,0.0,100,270.0,10.8
2025-08-11T17:00,26.0,0.2,100,167.0,9.8
2025-08-11T18:00,26.4,0.0,100,68.0,8.9
2025-08-11T19:00,25.4,1.0,100,1.0,7.9
2025-08-11T20:00,25.8,0.4,100,0.0,7.0
2025-08-11T21:00,25.4,0.2,100,0.0,5.1
2025-08-11T22:00,24.8,0.7,100,0.0,2.1
2025-08-11T23:00,24.7,0.9,100,0.0,1.9
2025-08-12T00:00,24.3,1.2,100,0.0,2.8
2025-08-12T01:00,24.1,0.8,100,0.0,1.5
2025-08-12T02:00,24.3,0.4,100,0.0,1.1
2025-08-12T03:00,23.8,0.0,100,0.0,2.8
2025-08-12T04:00,23.7,0.1,100,0.0,7.0
2025-08-12T05:00,23.4,0.1,100,0.0,4.4
2025-08-12T06:00,24.2,0.1,95,1.0,3.1
2025-08-12T07:00,24.9,0.1,100,72.0,1.5
2025-08-12T08:00,25.4,0.5,100,181.0,5.2
2025-08-12T09:00,25.7,1.7,100,294.0,12.6
2025-08-12T10:00,26.2,1.2,100,438.0,10.4
2025-08-12T11:00,26.9,0.0,100,574.0,10.8
2025-08-12T12:00,27.5,0.1,100,671.0,10.9
2025-08-12T13:00,27.1,0.0,100,673.0,13.0
2025-08-12T14:00,26.9,0.0,100,596.0,13.2
2025-08-12T15:00,27.0,0.0,100,505.0,15.1
2025-08-12T16:00,26.4,0.0,100,394.0,16.6
2025-08-12T17:00,25.5,0.1,100,140.0,15.2
2025-08-12T18:00,25.9,0.3,100,62.0,13.4
2025-08-12T19:00,24.3,4.2,100,1.0,14.7
2025-08-12T20:00,24.9,0.2,100,0.0,8.1
2025-08-12T21:00,23.9,1.6,100,0.0,12.2
2025-08-12T22:00,23.4,0.4,100,0.0,5.3
2025-08-12T23:00,23.5,1.9,100,0.0,3.2
2025-08-13T00:00,23.8,0.8,100,0.0,6.8
2025-08-13T01:00,24.0,0.7,100,0.0,8.9
2025-08-13T02:00,24.2,0.2,100,0.0,7.7
2025-08-13T03:00,24.0,0.4,100,0.0,8.4
2025-08-13T04:00,24.1,0.8,100,0.0,7.6
2025-08-13T05:00,24.2,0.8,100,0.0,11.9
2025-08-13T06:00,24.4,0.3,100,1.0,14.8
2025-08-13T07:00,25.1,0.1,100,52.0,10.4
2025-08-13T08:00,25.4,0.5,100,93.0,14.3
2025-08-13T09:00,25.3,0.9,100,125.0,15.5
2025-08-13T10:00,26.3,0.2,100,478.0,15.4
2025-08-13T11:00,25.4,0.6,100,335.0,15.9
2025-08-13T12:00,25.4,1.0,100,406.0,17.6
2025-08-13T13:00,25.4,0.3,100,471.0,17.2
2025-08-13T14:00,25.1,0.5,100,277.0,9.8
2025-08-13T15:00,25.6,0.2,100,266.0,11.4
2025-08-13T16:00,25.3,0.3,100,216.0,12.9
2025-08-13T17:00,25.2,0.6,100,137.0,11.9
2025-08-13T18:00,25.2,0.0,100,57.0,10.9
2025-08-13T19:00,24.9,0.1,100,1.0,14.0
2025-08-13T20:00,24.3,0.3,100,0.0,9.0
2025-08-13T21:00,24.6,0.3,100,0.0,7.7
2025-08-13T22:00,24.5,0.8,100,0.0,14.2
2025-08-13T23:00,24.0,0.5,100,0.0,11.1
2025-08-14T00:00,23.7,0.2,100,0.0,3.8
2025-08-14T01:00,23.9,0.3,100,0.0,3.6
2025-08-14T02:00,23.8,0.9,100,0.0,7.4
2025-08-14T03:00,23.5,0.1,100,0.0,5.8
2025-08-14T04:00,23.6,0.1,100,0.0,5.4
2025-08-14T05:00,23.2,0.6,100,0.0,2.6
2025-08-14T06:00,25.0,0.1,100,1.0,0.6
2025-08-14T07:00,24.8,0.6,100,62.0,7.5
2025-08-14T08:00,24.9,1.2,100,185.0,6.8
2025-08-14T09:00,25.7,0.9,99,277.0,4.9
2025-08-14T10:00,26.3,0.2,100,593.0,7.8
2025-08-14T11:00,23.9,10.2,100,305.0,12.6
2025-08-14T12:00,25.8,0.3,99,630.0,8.5
2025-08-14T13:00,26.4,0.0,100,720.0,9.2
2025-08-14T14:00,26.6,0.0,99,712.0,9.1
2025-08-14T15:00,26.7,0.0,99,619.0,9.6
2025-08-14T16:00,26.5,0.0,100,465.0,8.3
2025-08-14T17:00,26.0,0.0,100,248.0,8.9
2025-08-14T18:00,25.4,0.5,99,76.0,18.2
2025-08-14T19:00,25.0,0.3,62,1.0,11.9
2025-08-14T20:00,25.3,0.2,98,0.0,12.7
2025-08-14T21:00,23.3,4.7,100,0.0,14.7
2025-08-14T22:00,24.3,2.6,100,0.0,7.9
2025-08-14T23:00,24.0,0.7,100,0.0,8.6
2025-08-15T00:00,23.7,0.3,100,0.0,7.7
2025-08-15T01:00,23.6,0.3,100,0.0,4.5
2025-08-15T02:00,23.6,0.8,100,0.0,4.0
2025-08-15T03:00,23.2,1.3,100,0.0,9.6
2025-08-15T04:00,23.2,1.2,100,0.0,6.6
2025-08-15T05:00,23.2,2.5,100,0.0,1.9
2025-08-15T06:00,24.5,1.4,96,1.0,10.2
2025-08-15T07:00,25.6,0.1,77,44.0,7.9
2025-08-15T08:00,26.4,0.5,77,240.0,11.3
2025-08-15T09:00,26.6,6.0,95,350.0,14.1
2025-08-15T10:00,25.8,15.4,97,443.0,17.4
2025-08-15T11:00,25.4,15.0,100,579.0,12.2
2025-08-15T12:00,27.0,0.3,99,637.0,15.6
2025-08-15T13:00,26.6,0.4,100,590.0,17.3
2025-08-15T14:00,26.4,0.1,97,689.0,17.0
2025-08-15T15:00,26.6,0.0,99,560.0,17.1
2025-08-15T16:00,26.6,0.0,98,407.0,15.5
2025-08-15T17:00,25.8,0.4,91,229.0,17.5
2025-08-15T18:00,25.1,3.9,98,30.0,8.7
2025-08-15T19:00,24.6,2.1,99,0.0,16.1
2025-08-15T20:00,25.2,0.8,94,0.0,16.7
2025-08-15T21:00,25.0,0.4,97,0.0,10.3
2025-08-15T22:00,24.7,1.9,96,0.0,13.0
2025-08-15T23:00,24.6,1.1,71,0.0,6.8
2025-08-16T00:00,24.6,0.6,63,0.0,9.7
2025-08-16T01:00,23.6,1.8,99,0.0,12.5
2025-08-16T02:00,24.1,1.2,100,0.0,15.5
2025-08-16T03:00,24.1,0.6,100,0.0,6.3
2025-08-16T04:00,23.3,0.4,100,0.0,6.9
2025-08-16T05:00,23.6,1.0,100,0.0,6.0
2025-08-16T06:00,25.4,0.6,100,1.0,10.1
2025-08-16T07:00,24.1,1.1,100,63.0,8.8
2025-08-16T08:00,25.3,1.1,100,184.0,16.1
2025-08-16T09:00,25.2,1.2,100,361.0,7.2
2025-08-16T10:00,25.8,0.8,100,382.0,6.5
2025-08-16T11:00,26.6,1.3,100,550.0,15.2
2025-08-16T12:00,26.3,1.2,100,485.0,22.8
2025-08-16T13:00,26.6,0.3,99,572.0,18.4
2025-08-16T14:00,26.7,0.0,100,589.0,18.8
2025-08-16T15:00,26.4,0.5,100,415.0,17.0
2025-08-16T16:00,26.2,2.0,100,213.0,17.5
2025-08-16T17:00,26.2,0.3,100,120.0,13.1
2025-08-16T18:00,25.1,3.9,100,13.0,16.1
2025-08-16T19:00,24.9,0.9,100,0.0,12.6
2025-08-16T20:00,25.0,0.6,100,0.0,15.3
2025-08-16T21:00,24.7,0.3,100,0.0,12.7
2025-08-16T22:00,25.0,0.7,100,0.0,14.3
2025-08-16T23:00,25.2,0.1,100,0.0,8.9
2025-08-17T00:00,24.6,1.3,100,0.0,8.6
2025-08-17T01:00,24.2,1.3,100,0.0,6.0
2025-08-17T02:00,24.4,0.2,100,0.0,7.5
2025-08-17T03:00,24.5,0.8,100,0.0,7.3
2025-08-17T04:00,24.0,0.6,100,0.0,6.0
2025-08-17T05:00,23.9,0.2,100,0.0,5.6
2025-08-17T06:00,24.5,1.7,100,1.0,11.8
2025-08-17T07:00,24.0,1.3,100,29.0,10.4
2025-08-17T08:00,25.0,1.6,100,105.0,10.0
2025-08-17T09:00,24.9,1.2,100,209.0,15.4
2025-08-17T10:00,25.8,0.1,100,405.0,13.1
2025-08-17T11:00,26.7,0.1,100,426.0,13.9
2025-08-17T12:00,26.8,0.2,100,643.0,18.3
2025-08-17T13:00,26.9,0.0,100,450.0,15.3
2025-08-17T14:00,27.3,0.0,100,565.0,14.8
2025-08-17T15:00,26.2,1.8,100,466.0,20.2
2025-08-17T16:00,25.9,0.3,100,185.0,12.0
2025-08-17T17:00,25.9,0.0,100,115.0,8.1
2025-08-17T18:00,24.5,0.7,100,39.0,11.0
2025-08-17T19:00,24.6,0.8,100,0.0,11.8
2025-08-17T20:00,24.5,0.6,100,0.0,11.8
2025-08-17T21:00,24.1,0.6,100,0.0,8.8
2025-08-17T22:00,23.9,0.6,100,0.0,8.5
2025-08-17T23:00,23.4,1.4,100,0.0,6.3
2025-08-18T00:00,23.7,0.2,100,0.0,5.2
2025-08-18T01:00,23.7,0.4,100,0.0,3.6
2025-08-18T02:00,23.8,0.7,100,0.0,4.9
2025-08-18T03:00,24.0,0.6,100,0.0,9.4
2025-08-18T04:00,23.8,0.2,100,0.0,6.9
2025-08-18T05:00,23.3,0.3,99,0.0,6.7
2025-08-18T06:00,24.9,0.7,100,1.0,3.5
2025-08-18T07:00,25.2,1.3,100,66.0,9.0
2025-08-18T08:00,25.8,1.2,100,208.0,5.8
2025-08-18T09:00,26.5,0.2,99,342.0,3.6
2025-08-18T10:00,26.7,0.8,100,520.0,10.7
2025-08-18T11:00,26.2,0.9,100,411.0,9.8
2025-08-18T12:00,27.2,0.1,83,644.0,8.1
2025-08-18T13:00,27.8,0.1,100,850.0,8.9
2025-08-18T14:00,28.3,0.1,100,757.0,11.1
2025-08-18T15:00,27.9,0.0,100,526.0,9.7
2025-08-18T16:00,27.9,0.0,100,433.0,8.6
2025-08-18T17:00,26.8,0.0,100,131.0,6.2
2025-08-18T18:00,26.6,0.4,100,52.0,12.2
2025-08-18T19:00,26.0,0.1,100,1.0,7.4
2025-08-18T20:00,26.3,0.0,100,0.0,10.3
2025-08-18T21:00,26.3,0.0,100,0.0,11.1
2025-08-18T22:00,25.8,0.0,100,0.0,8.2
2025-08-18T23:00,25.2,0.0,100,0.0,5.8
2025-08-19T00:00,24.6,0.1,100,0.0,5.4
2025-08-19T01:00,24.3,0.1,100,0.0,5.7
2025-08-19T02:00,24.0,0.0,100,0.0,5.7
2025-08-19T03:00,23.9,0.0,100,0.0,5.8
2025-08-19T04:00,23.9,0.1,100,0.0,5.3
2025-08-19T05:00,23.8,0.1,88,0.0,6.1
2025-08-19T06:00,24.2,0.6,100,1.0,1.2
2025-08-19T07:00,24.9,0.0,100,60.0,3.6
2025-08-19T08:00,25.8,0.3,98,265.0,2.1
2025-08-19T09:00,27.5,0.0,99,508.0,6.1
2025-08-19T10:00,28.0,0.0,100,711.0,8.5
2025-08-19T11:00,28.4,0.0,44,792.0,8.6
2025-08-19T12:00,28.8,0.0,91,941.0,11.2
2025-08-19T13:00,28.7,0.1,100,862.0,13.9
2025-08-19T14:00,28.3,0.1,100,818.0,14.7
2025-08-19T15:00,28.2,0.1,100,697.0,17.6
2025-08-19T16:00,27.7,0.2,80,524.0,16.8
2025-08-19T17:00,26.7,0.6,30,283.0,16.8
2025-08-19T18:00,26.5,0.2,79,87.0,10.8
2025-08-19T19:00,26.0,0.0,100,1.0,8.5
2025-08-19T20:00,25.7,0.0,100,0.0,6.3
2025-08-19T21:00,25.5,0.0,100,0.0,5.0
2025-08-19T22:00,25.3,0.0,98,0.0,3.6
2025-08-19T23:00,25.0,0.1,100,0.0,3.6
2025-08-20T00:00,24.8,0.3,96,0.0,7.9
2025-08-20T01:00,24.8,0.0,91,0.0,6.1
2025-08-20T02:00,24.6,0.3,99,0.0,4.9
2025-08-20T03:00,24.7,0.4,78,0.0,5.8
2025-08-20T04:00,24.5,0.1,24,0.0,5.3
2025-08-20T05:00,24.1,0.0,53,0.0,5.2
2025-08-20T06:00,24.0,0.5,100,1.0,5.8
2025-08-20T07:00,24.2,0.9,89,35.0,9.0
2025-08-20T08:00,25.5,0.2,68,236.0,8.9
2025-08-20T09:00,26.1,0.7,49,383.0,8.0
2025-08-20T10:00,27.4,0.0,100,689.0,7.5
2025-08-20T11:00,27.6,0.0,79,641.0,6.9
2025-08-20T12:00,28.5,0.1,38,910.0,9.4
2025-08-20T13:00,28.6,0.0,11,919.0,11.7
2025-08-20T14:00,28.3,0.0,83,868.0,11.3
2025-08-20T15:00,27.8,0.0,5,674.0,10.3
2025-08-20T16:00,27.4,0.0,28,522.0,9.9
2025-08-20T17:00,26.8,0.0,9,306.0,8.5
2025-08-20T18:00,26.2,0.0,1,88.0,6.6
2025-08-20T19:00,26.0,0.0,1,1.0,7.2
2025-08-20T20:00,25.9,0.0,5,0.0,7.0
2025-08-20T21:00,25.8,0.0,1,0.0,7.7
2025-08-20T22:00,25.4,0.0,0,0.0,5.9
2025-08-20T23:00,25.1,0.0,0,0.0,5.4
2025-08-21T00:00,24.8,0.0,0,0.0,4.8
2025-08-21T01:00,24.7,0.0,1,0.0,4.0
2025-08-21T02:00,24.5,0.0,25,0.0,3.7
2025-08-21T03:00,24.5,0.0,26,0.0,4.8
2025-08-21T04:00,24.4,0.0,5,0.0,5.2
2025-08-21T05:00,24.1,0.0,9,0.0,5.2
2025-08-21T06:00,25.1,0.0,17,1.0,5.7
2025-08-21T07:00,26.0,0.0,17,85.0,6.9
2025-08-21T08:00,26.9,0.0,18,293.0,8.9
2025-08-21T09:00,27.8,0.0,30,507.0,9.7
2025-08-21T10:00,28.3,0.0,15,722.0,12.4
2025-08-21T11:00,28.3,0.0,12,827.0,13.0
2025-08-21T12:00,28.2,0.0,8,909.0,14.1
2025-08-21T13:00,28.4,0.0,34,917.0,15.0
2025-08-21T14:00,28.0,0.0,32,832.0,16.3
2025-08-21T15:00,27.8,0.0,97,662.0,13.8
2025-08-21T16:00,27.2,0.0,49,384.0,14.4
2025-08-21T17:00,26.9,0.0,90,241.0,13.4
2025-08-21T18:00,27.0,0.0,34,77.0,11.5
2025-08-21T19:00,26.7,0.0,76,0.0,10.7
2025-08-21T20:00,26.5,0.1,92,0.0,10.9
2025-08-21T21:00,26.3,0.0,87,0.0,9.3
2025-08-21T22:00,26.3,0.0,99,0.0,9.0
2025-08-21T23:00,26.2,0.0,100,0.0,9.5
2025-08-22T00:00,26.1,0.0,100,0.0,9.4
2025-08-22T01:00,25.8,0.0,100,0.0,10.8
2025-08-22T02:00,25.5,0.1,100,0.0,11.7
2025-08-22T03:00,25.4,0.4,100,0.0,12.0
2025-08-22T04:00,25.0,0.4,100,0.0,10.8
2025-08-22T05:00,24.9,0.4,100,0.0,10.3
2025-08-22T06:00,25.3,0.2,100,1.0,8.1
2025-08-22T07:00,25.4,0.7,100,62.0,11.7
2025-08-22T08:00,26.1,0.4,100,229.0,6.7
2025-08-22T09:00,27.1,0.1,100,383.0,12.2
2025-08-22T10:00,27.4,0.0,100,481.0,9.5
2025-08-22T11:00,28.1,0.0,100,696.0,10.6
2025-08-22T12:00,28.2,0.2,100,806.0,12.9
2025-08-22T13:00,28.1,0.1,100,813.0,13.4
2025-08-22T14:00,27.6,0.0,100,643.0,14.8
2025-08-22T15:00,27.1,0.0,100,430.0,14.4
2025-08-22T16:00,27.1,0.0,100,289.0,13.2
2025-08-22T17:00,26.8,0.0,100,159.0,13.8
2025-08-22T18:00,26.9,0.0,100,43.0,9.7
2025-08-22T19:00,26.7,0.0,100,0.0,8.0
2025-08-22T20:00,26.4,0.1,100,0.0,8.0
2025-08-22T21:00,26.3,0.4,100,0.0,6.3
2025-08-22T22:00,26.0,0.4,100,0.0,6.4
2025-08-22T23:00,25.9,0.4,100,0.0,6.9
2025-08-23T00:00,25.7,0.4,100,0.0,5.8
2025-08-23T01:00,25.5,0.5,100,0.0,6.9
2025-08-23T02:00,25.4,0.2,100,0.0,8.4
2025-08-23T03:00,25.3,0.1,100,0.0,9.0
2025-08-23T04:00,25.4,0.5,100,0.0,8.2
2025-08-23T05:00,25.2,0.2,100,0.0,7.8
2025-08-23T06:00,25.5,0.1,100,1.0,9.1
2025-08-23T07:00,25.8,0.0,100,66.0,7.6
2025-08-23T08:00,26.6,0.0,100,248.0,6.9
2025-08-23T09:00,27.4,0.1,100,428.0,8.3
2025-08-23T10:00,27.9,0.1,100,552.0,10.3
2025-08-23T11:00,28.3,0.0,100,661.0,10.5
2025-08-23T12:00,28.5,0.0,100,762.0,12.4
2025-08-23T13:00,28.2,0.0,100,727.0,13.6
2025-08-23T14:00,27.8,0.0,100,645.0,13.7
2025-08-23T15:00,27.4,0.0,100,425.0,14.4
2025-08-23T16:00,27.1,0.0,100,303.0,14.6
2025-08-23T17:00,27.0,0.1,100,164.0,14.3
2025-08-23T18:00,26.7,0.0,100,46.0,9.3
2025-08-23T19:00,26.5,0.0,100,0.0,8.5
2025-08-23T20:00,26.5,0.0,100,0.0,8.9
2025-08-23T21:00,26.4,0.0,100,0.0,6.2
2025-08-23T22:00,25.9,0.2,100,0.0,6.3
2025-08-23T23:00,25.4,0.1,100,0.0,4.2
2025-08-24T00:00,25.0,0.4,100,0.0,3.4
2025-08-24T01:00,25.1,0.1,100,0.0,4.6
2025-08-24T02:00,25.0,0.0,97,0.0,4.8
2025-08-24T03:00,24.8,0.2,97,0.0,6.6
2025-08-24T04:00,25.0,0.2,52,0.0,7.1
2025-08-24T05:00,24.6,0.2,97,0.0,7.3
2025-08-24T06:00,24.9,0.1,31,1.0,7.3
2025-08-24T07:00,25.4,0.1,30,85.0,6.6
2025-08-24T08:00,26.4,0.2,54,298.0,5.9
2025-08-24T09:00,27.4,0.4,41,498.0,8.0
2025-08-24T10:00,28.2,0.0,46,712.0,10.0
2025-08-24T11:00,28.6,0.0,44,866.0,12.2
2025-08-24T12:00,28.7,0.0,70,946.0,13.3
2025-08-24T13:00,28.6,0.0,29,950.0,13.9
2025-08-24T14:00,28.3,0.0,29,859.0,14.7
2025-08-24T15:00,28.1,0.0,21,726.0,14.4
2025-08-24T16:00,27.5,0.0,18,530.0,14.3
2025-08-24T17:00,27.1,0.0,22,296.0,13.0
2025-08-24T18:00,26.7,0.0,3,84.0,10.8
2025-08-24T19:00,26.4,0.0,5,0.0,9.5
2025-08-24T20:00,26.2,0.0,0,0.0,7.2
2025-08-24T21:00,26.0,0.0,16,0.0,5.6
2025-08-24T22:00,25.7,0.0,48,0.0,4.9
2025-08-24T23:00,25.7,0.0,83,0.0,5.6
2025-08-25T00:00,25.5,0.0,43,0.0,5.2
2025-08-25T01:00,25.3,0.0,66,0.0,4.5
2025-08-25T02:00,25.2,0.0,32,0.0,4.3
2025-08-25T03:00,25.0,0.1,51,0.0,4.9
2025-08-25T04:00,24.7,0.1,81,0.0,5.0
2025-08-25T05:00,24.6,0.1,99,0.0,5.6
2025-08-25T06:00,25.1,0.0,100,1.0,4.8
2025-08-25T07:00,25.6,0.0,100,89.0,5.4
2025-08-25T08:00,26.9,0.1,62,297.0,8.7
2025-08-25T09:00,28.0,0.0,52,525.0,10.5
2025-08-25T10:00,28.9,0.0,14,744.0,13.1
2025-08-25T11:00,29.1,0.0,97,887.0,15.4
2025-08-25T12:00,29.1,0.0,100,953.0,17.0
2025-08-25T13:00,28.6,0.0,100,890.0,17.4
2025-08-25T14:00,28.1,0.0,100,697.0,18.4
2025-08-25T15:00,27.8,0.0,99,536.0,17.9
2025-08-25T16:00,27.5,0.0,99,445.0,15.7
2025-08-25T17:00,27.1,0.0,49,265.0,14.6
2025-08-25T18:00,26.6,0.0,66,77.0,11.7
2025-08-25T19:00,26.2,0.0,54,0.0,9.2
2025-08-25T20:00,26.1,0.0,82,0.0,7.1
2025-08-25T21:00,26.1,0.0,100,0.0,7.9
2025-08-25T22:00,26.3,0.0,100,0.0,8.2
2025-08-25T23:00,26.1,0.0,100,0.0,8.5
2025-08-26T00:00,26.0,0.0,97,0.0,7.7
2025-08-26T01:00,25.9,0.1,100,0.0,8.9
2025-08-26T02:00,25.7,0.1,100,0.0,7.6
2025-08-26T03:00,25.3,0.1,100,0.0,6.9
2025-08-26T04:00,24.8,0.5,99,0.0,5.7
2025-08-26T05:00,24.3,0.3,100,0.0,3.6
2025-08-26T06:00,24.7,0.1,100,1.0,7.8
2025-08-26T07:00,25.1,0.0,100,81.0,7.5
2025-08-26T08:00,26.1,0.1,100,234.0,6.1
2025-08-26T09:00,27.0,0.2,100,416.0,7.6
2025-08-26T10:00,27.9,0.1,100,652.0,10.2
2025-08-26T11:00,28.3,0.1,100,716.0,12.2
2025-08-26T12:00,28.5,0.2,100,815.0,14.8
2025-08-26T13:00,28.1,0.5,95,810.0,16.7
2025-08-26T14:00,27.5,0.1,100,761.0,16.9
2025-08-26T15:00,27.4,0.0,75,614.0,15.7
2025-08-26T16:00,27.3,0.0,49,473.0,13.1
2025-08-26T17:00,26.3,0.1,63,251.0,15.5
2025-08-26T18:00,26.2,0.0,56,66.0,9.0
2025-08-26T19:00,26.0,0.0,79,0.0,6.9
2025-08-26T20:00,26.1,0.0,89,0.0,5.4
2025-08-26T21:00,24.6,0.6,100,0.0,15.7
2025-08-26T22:00,24.1,0.5,100,0.0,9.2
2025-08-26T23:00,24.4,0.2,100,0.0,4.5
2025-08-27T00:00,24.2,1.0,100,0.0,6.3
2025-08-27T01:00,24.5,0.3,100,0.0,4.5
2025-08-27T02:00,24.1,1.0,100,0.0,8.1
2025-08-27T03:00,24.1,1.0,100,0.0,8.9
2025-08-27T04:00,24.2,0.4,100,0.0,3.5
2025-08-27T05:00,24.1,0.6,100,0.0,6.1
2025-08-27T06:00,24.2,2.4,100,0.0,4.5
2025-08-27T07:00,24.4,2.0,100,12.0,2.5
2025-08-27T08:00,24.6,0.3,100,49.0,4.8
2025-08-27T09:00,25.6,0.2,100,259.0,3.1
2025-08-27T10:00,26.1,0.3,100,284.0,4.0
2025-08-27T11:00,26.6,0.2,100,374.0,6.0
2025-08-27T12:00,26.2,0.5,100,431.0,11.8
2025-08-27T13:00,26.5,0.2,100,341.0,11.4
2025-08-27T14:00,26.4,0.0,100,307.0,10.6
2025-08-27T15:00,25.1,0.6,100,251.0,12.8
2025-08-27T16:00,25.3,1.1,100,118.0,12.4
2025-08-27T17:00,25.2,0.3,100,74.0,8.1
2025-08-27T18:00,25.4,4.5,100,28.0,14.4
2025-08-27T19:00,25.0,0.6,100,0.0,19.4
2025-08-27T20:00,25.0,2.0,100,0.0,14.3
2025-08-27T21:00,24.6,7.5,100,0.0,15.0
2025-08-27T22:00,25.2,3.2,100,0.0,15.7
2025-08-27T23:00,24.9,1.8,100,0.0,14.4
2025-08-28T00:00,25.0,0.9,100,0.0,13.0
2025-08-28T01:00,25.0,0.6,100,0.0,6.5
2025-08-28T02:00,24.8,1.3,100,0.0,5.9
2025-08-28T03:00,24.2,2.2,100,0.0,13.8
2025-08-28T04:00,24.4,0.4,100,0.0,9.2
2025-08-28T05:00,24.5,0.3,100,0.0,7.2
2025-08-28T06:00,24.5,1.0,100,0.0,3.3
2025-08-28T07:00,25.4,0.3,99,51.0,2.3
2025-08-28T08:00,26.0,0.1,100,139.0,3.7
2025-08-28T09:00,25.5,3.3,100,232.0,15.3
2025-08-28T10:00,26.0,2.5,100,224.0,13.3
2025-08-28T11:00,26.4,0.4,100,341.0,15.3
2025-08-28T12:00,26.4,1.9,88,408.0,15.6
2025-08-28T13:00,26.4,5.7,99,727.0,22.3
2025-08-28T14:00,26.4,1.8,100,359.0,18.2
2025-08-28T15:00,25.6,3.3,100,263.0,22.9
2025-08-28T16:00,25.7,0.7,100,153.0,19.0
2025-08-28T17:00,25.4,0.4,100,85.0,18.4
2025-08-28T18:00,25.7,0.2,100,23.0,16.5
2025-08-28T19:00,25.6,0.3,100,0.0,19.3
2025-08-28T20:00,25.6,0.7,100,0.0,15.0
2025-08-28T21:00,25.4,1.1,100,0.0,13.2
2025-08-28T22:00,24.6,1.1,100,0.0,12.0
2025-08-28T23:00,24.7,1.0,100,0.0,9.9
2025-08-29T00:00,24.6,3.2,100,0.0,12.8
2025-08-29T01:00,24.1,2.5,100,0.0,18.8
2025-08-29T02:00,23.9,6.9,100,0.0,10.0
2025-08-29T03:00,24.8,0.5,100,0.0,14.3
2025-08-29T04:00,24.8,0.5,100,0.0,8.9
2025-08-29T05:00,24.0,1.2,100,0.0,8.0
2025-08-29T06:00,24.1,0.5,100,1.0,2.2
2025-08-29T07:00,24.0,0.8,100,34.0,4.2
2025-08-29T08:00,25.1,0.2,100,183.0,4.7
2025-08-29T09:00,26.2,0.1,100,358.0,11.6
2025-08-29T10:00,26.7,0.0,100,407.0,14.5
2025-08-29T11:00,26.8,0.7,100,443.0,18.1
2025-08-29T12:00,26.7,0.4,100,634.0,17.6
2025-08-29T13:00,26.4,0.8,100,522.0,17.5
2025-08-29T14:00,25.7,0.2,100,282.0,17.7
2025-08-29T15:00,26.1,0.0,96,456.0,16.4
2025-08-29T16:00,26.4,0.1,100,297.0,16.5
2025-08-29T17:00,26.0,0.1,94,195.0,14.8
2025-08-29T18:00,25.2,0.5,99,29.0,11.7
2025-08-29T19:00,25.6,0.1,99,0.0,11.9
2025-08-29T20:00,25.0,1.0,100,0.0,8.7
2025-08-29T21:00,24.8,0.8,100,0.0,5.8
2025-08-29T22:00,24.5,1.5,95,0.0,12.6
2025-08-29T23:00,24.3,1.1,100,0.0,5.5
2025-08-30T00:00,24.2,0.6,100,0.0,5.2
2025-08-30T01:00,24.1,1.9,100,0.0,11.0
2025-08-30T02:00,24.0,0.8,99,0.0,8.8
2025-08-30T03:00,24.2,0.2,100,0.0,8.5
2025-08-30T04:00,23.9,0.4,100,0.0,7.6
2025-08-30T05:00,23.4,1.2,100,0.0,4.5
2025-08-30T06:00,24.6,0.5,99,1.0,4.5
2025-08-30T07:00,25.1,0.4,95,59.0,5.2
2025-08-30T08:00,25.4,0.4,100,172.0,2.5
2025-08-30T09:00,25.5,0.8,100,246.0,9.2
2025-08-30T10:00,26.2,0.3,100,411.0,9.7
2025-08-30T11:00,26.6,0.1,87,620.0,8.9
2025-08-30T12:00,27.3,0.0,87,729.0,12.6
2025-08-30T13:00,27.4,1.7,68,808.0,16.1
2025-08-30T14:00,26.8,0.9,53,660.0,16.1
2025-08-30T15:00,27.0,0.0,97,622.0,15.8
2025-08-30T16:00,26.3,0.1,96,373.0,15.5
2025-08-30T17:00,26.2,0.1,100,197.0,14.3
2025-08-30T18:00,25.0,1.5,100,43.0,8.3
2025-08-30T19:00,25.0,0.3,100,0.0,9.2
2025-08-30T20:00,24.6,0.4,100,0.0,7.7
2025-08-30T21:00,24.7,0.6,95,0.0,6.8
2025-08-30T22:00,24.5,0.3,100,0.0,8.8
2025-08-30T23:00,24.2,0.1,100,0.0,6.6
2025-08-31T00:00,24.2,0.2,100,0.0,4.2
2025-08-31T01:00,24.3,0.6,100,0.0,7.3
2025-08-31T02:00,24.5,1.5,100,0.0,10.1
2025-08-31T03:00,24.5,0.4,100,0.0,9.4
2025-08-31T04:00,23.9,0.1,100,0.0,6.6
2025-08-31T05:00,23.7,0.2,100,0.0,6.9
2025-08-31T06:00,24.8,0.1,95,1.0,8.1
2025-08-31T07:00,25.0,0.8,100,67.0,11.9
2025-08-31T08:00,25.8,0.1,99,159.0,12.5
2025-08-31T09:00,26.7,0.1,100,402.0,13.6
2025-08-31T10:00,27.5,0.0,100,570.0,13.2
2025-08-31T11:00,28.0,0.0,100,671.0,14.3
2025-08-31T12:00,27.8,0.2,100,710.0,14.4
2025-08-31T13:00,28.1,0.2,100,860.0,16.6
2025-08-31T14:00,28.0,0.1,100,755.0,16.2
2025-08-31T15:00,27.2,0.0,100,468.0,15.1
2025-08-31T16:00,27.1,0.2,100,300.0,18.5
2025-08-31T17:00,26.6,0.2,100,165.0,17.8
2025-08-31T18:00,26.3,0.1,100,60.0,14.6
2025-08-31T19:00,25.8,0.6,100,0.0,15.1
2025-08-31T20:00,25.4,0.7,100,0.0,12.1
2025-08-31T21:00,25.3,0.5,100,0.0,15.1
2025-08-31T22:00,25.1,0.6,100,0.0,16.5
2025-08-31T23:00,24.7,0.3,100,0.0,12.8
